	1	BioSample	PAR	SRA	Sample name	bacteria_carb_prod	bacterial_count	beam_atten	beam_trans	biome	chlorophyll	collection_date	collection_time	conduc	corr_irradiance	density	depth	diss_inorg_carb	diss_oxy	env_biome	env_feature	env_material	env_package	feature	fluorescence	geo_loc_name	investigation_type	isolation_source	lat_lon	material	max_filter_size	min_filter_size	oxy_sat	pressure	salinity	samp_volume	sampling_cruise	sequencing_machine	sequencing_method	sigma-theta	site_name	std_norm_factor	surf_irradiance	target_molecules	temp	turbidity
0	SAMN05944742	SAMN05944742		SRS1776501	RCJ36		3.48E06 cells/mL				4.37 ug/L	2012-08-06		20.3 uS/cm			15 m	161 umol C/kg		river	Amazon River water					Brazil:Amazon River		water	2.29063 S 55.00450 W		156 µm	2.0 µm				2.98 L		HiSeq 2500	Illumina SE 250 Rapid Run		Tapajos Depth (TAPD)	132111.6		Genomic DNA		
1	SAMN05944741	SAMN05944741		SRS1776492	RCJ35		3.48E06 cells/mL				4.37 ug/L	2012-08-06		20.3 uS/cm			15 m	161 umol C/kg		river	Amazon River water					Brazil:Amazon River		water	2.29063 S 55.00450 W		2.0 µm	0.2 µm				1.49 L		HiSeq 2500	Illumina SE 250 Rapid Run		Tapajos Depth (TAPD)	41774.2		Genomic DNA		
2	SAMN05944740	SAMN05944740		SRS1776399	RCJ34		3.27E06 cells/mL				5.12 ug/L	2012-08-06		18.2 uS/cm			0.5 m	348 umol C/kg		river	Amazon River water					Brazil:Amazon River		water	2.29063 S 55.00450 W		156 µm	2.0 µm				3.13 L		HiSeq 2500	Illumina SE 250 Rapid Run		Tapajos Surface (TAPS)	107839		Genomic DNA		
3	SAMN05944739	SAMN05944739		SRS1776388	RCJ33		3.27E06 cells/mL				5.12 ug/L	2012-08-06		18.2 uS/cm			0.5 m	348 umol C/kg		river	Amazon River water					Brazil:Amazon River		water	2.29063 S 55.00450 W		2.0 µm	0.2 µm				1.57 L		HiSeq 2500	Illumina SE 250 Rapid Run		Tapajos Surface (TAPS)	212018.9		Genomic DNA		
4	SAMN05944738	SAMN05944738		SRS1776419	RCJ30		3.48E06 cells/mL				4.37 ug/L	2012-08-06		20.3 uS/cm			15 m	161 umol C/kg		river	Amazon River water					Brazil:Amazon River		water	2.29063 S 55.00450 W		156 µm	2.0 µm				1.35 L		HiSeq 2500	Illumina SE 250 Rapid Run		Tapajos Depth (TAPD)	110103		Genomic DNA		
5	SAMN05944737	SAMN05944737		SRS1776416	RCJ29		3.27E06 cells/mL				5.12 ug/L	2012-08-06		18.2 uS/cm			0.5 m	348 umol C/kg		river	Amazon River water					Brazil:Amazon River		water	2.29063 S 55.00450 W		156 µm	2.0 µm				1.61 L		HiSeq 2500	Illumina SE 250 Rapid Run		Tapajos Surface (TAPS)	92322.4		Genomic DNA		
6	SAMN05944736	SAMN05944736		SRS1776427	RCJ27		3.48E06 cells/mL				4.37 ug/L	2012-08-06		20.3 uS/cm			15 m	161 umol C/kg		river	Amazon River water					Brazil:Amazon River		water	2.29063 S 55.00450 W		2.0 µm	0.2 µm				1.35 L		HiSeq 2500	Illumina PE 150x150		Tapajos Depth (TAPD)	52962919.3		Genomic DNA		
7	SAMN05944735	SAMN05944735		SRS1776455	RCJ26		3.27E06 cells/mL				5.12 ug/L	2012-08-06		18.2 uS/cm			0.5 m	348 umol C/kg		river	Amazon River water					Brazil:Amazon River		water	2.29063 S 55.00450 W		2.0 µm	0.2 µm				1.61 L		HiSeq 2500	Illumina PE 150x150		Tapajos Surface (TAPS)	78370414		Genomic DNA		
8	SAMN05944734	SAMN05944734		SRS1872834	RCJ48		3.77E06 cells/mL				1.03 ug/L	2012-08-05		49.5 uS/cm			0.5 m	360 umol C/kg		river	Amazon River water					Brazil:Amazon River		water	1.55141 S 55.31543 W		156 µm	2.0 µm				0.80 L		HiSeq 2500	Illumina SE 250 Rapid Run		Obidos (OB)	555057.7		Genomic DNA		
9	SAMN05944733	SAMN05944733		SRS1872836	RCJ47		3.77E06 cells/mL				1.03 ug/L	2012-08-05		49.5 uS/cm			0.5 m	360 umol C/kg		river	Amazon River water					Brazil:Amazon River		water	1.55141 S 55.31543 W		2.0 µm	0.2 µm				0.80 L		HiSeq 2500	Illumina SE 250 Rapid Run		Obidos (OB)	85702.4		Genomic DNA		
10	SAMN05944732	SAMN05944732		SRS1872833	RCJ46		3.77E06 cells/mL				1.03 ug/L	2012-08-05		49.5 uS/cm			0.5 m	360 umol C/kg		river	Amazon River water					Brazil:Amazon River		water	1.55141 S 55.31543 W		156 µm	2.0 µm				0.29 L		HiSeq 2500	Illumina SE 250 Rapid Run		Obidos (OB)	343763.6		Genomic DNA		
11	SAMN05944731	SAMN05944731		SRS1872837	RCJ45		3.77E06 cells/mL				1.03 ug/L	2012-08-05		49.5 uS/cm			0.5 m	360 umol C/kg		river	Amazon River water					Brazil:Amazon River		water	1.55141 S 55.31543 W		2.0 µm	0.2 µm				0.57 L		HiSeq 2500	Illumina SE 250 Rapid Run		Obidos (OB)	75296.3		Genomic DNA		
12	SAMN05944730	SAMN05944730		SRS1776409	RCJ32		3.64E06 cells/mL				2.83 ug/L	2012-08-01		45.8 uS/cm			0.5 m	339 umol C/kg		river	Amazon River water					Brazil:Amazon River		water	1.31162 S 48.55077 W		156 µm	2.0 µm				0.47 L		HiSeq 2500	Illumina SE 250 Rapid Run		Belem (BLM)	217900.1		Genomic DNA		
13	SAMN05944729	SAMN05944729		SRS1776406	RCJ31		3.64E06 cells/mL				2.83 ug/L	2012-08-01		45.8 uS/cm			0.5 m	339 umol C/kg		river	Amazon River water					Brazil:Amazon River		water	1.31162 S 48.55077 W		2.0 µm	0.2 µm				0.94 L		HiSeq 2500	Illumina SE 250 Rapid Run		Belem (BLM)	161961.8		Genomic DNA		
14	SAMN05944728	SAMN05944728		SRS1776432	RCJ28		3.64E06 cells/mL				2.83 ug/L	2012-08-01		45.8 uS/cm			0.5 m	339 umol C/kg		river	Amazon River water					Brazil:Amazon River		water	1.31162 S 48.55077 W		2.0 µm	0.2 µm				0.68 L		HiSeq 2500	Illumina SE 250 Rapid Run		Belem (BLM)	716531.2		Genomic DNA		
15	SAMN05944727	SAMN05944727		SRS1776441	RCJ25		3.64E06 cells/mL				2.83 ug/L	2012-08-01		45.8 uS/cm			0.5 m	339 umol C/kg		river	Amazon River water					Brazil:Amazon River		water	1.31162 S 48.55077 W		156 µm	2.0 µm				1.36 L		HiSeq 2500	Illumina PE 150x150		Belem (BLM)	42816675.8		Genomic DNA		
16	SAMN05944726	SAMN05944726		SRS1872838	RCJ44		3.75E06 cells/mL				0.70 ug/L	2012-07-25		50.9 uS/cm			0.5 m	484 umol C/kg		river	Amazon River water					Brazil:Amazon River		water	0.09415 S 50.37353 W		156 µm	2.0 µm				0.75 L		HiSeq 2500	Illumina SE 250 Rapid Run		Macapa South (MCPS)	378279		Genomic DNA		
17	SAMN05944725	SAMN05944725		SRS1872839	RCJ43		3.75E06 cells/mL				0.70 ug/L	2012-07-25		50.9 uS/cm			0.5 m	484 umol C/kg		river	Amazon River water					Brazil:Amazon River		water	0.09415 S 50.37353 W		2.0 µm	0.2 µm				0.75 L		HiSeq 2500	Illumina SE 250 Rapid Run		Macapa South (MCPS)	89955.2		Genomic DNA		
18	SAMN05944724	SAMN05944724		SRS1872835	RCJ42		3.75E06 cells/mL				0.70 ug/L	2012-07-25		50.9 uS/cm			0.5 m	484 umol C/kg		river	Amazon River water					Brazil:Amazon River		water	0.09415 S 50.37353 W		156 µm	2.0 µm				1.00 L		HiSeq 2500	Illumina SE 250 Rapid Run		Macapa South (MCPS)	268655.7		Genomic DNA		
19	SAMN05944723	SAMN05944723		SRS1776483	RCJ41		3.75E06 cells/mL				0.70 ug/L	2012-07-25		50.9 uS/cm			0.5 m	484 umol C/kg		river	Amazon River water					Brazil:Amazon River		water	0.09415 S 50.37353 W		2.0 µm	0.2 µm				1.00 L		HiSeq 2500	Illumina SE 250 Rapid Run		Macapa South (MCPS)	155030.2		Genomic DNA		
20	SAMN05944722	SAMN05944722		SRS1776479	RCJ40		3.63E06 cells/mL				0.87 ug/L	2012-07-23		56.2 uS/cm			0.5 m	502 umol C/kg		river	Amazon River water					Brazil:Amazon River		water	0.05033 S 51.03085 W		156 µm	2.0 µm				1.34 L		HiSeq 2500	Illumina SE 250 Rapid Run		Macapa North (MCPN)	163957.7		Genomic DNA		
21	SAMN05944721	SAMN05944721		SRS1776466	RCJ39		3.63E06 cells/mL				0.87 ug/L	2012-07-23		56.2 uS/cm			0.5 m	502 umol C/kg		river	Amazon River water					Brazil:Amazon River		water	0.05033 S 51.03085 W		2.0 µm	0.2 µm				1.34 L		HiSeq 2500	Illumina SE 250 Rapid Run		Macapa North (MCPN)	223772.9		Genomic DNA		
22	SAMN05944720	SAMN05944720		SRS1776517	RCJ38		3.63E06 cells/mL				0.87 ug/L	2012-07-23		56.2 uS/cm			0.5 m	502 umol C/kg		river	Amazon River water					Brazil:Amazon River		water	0.05033 S 51.03085 W		156 µm	2.0 µm				0.65 L		HiSeq 2500	Illumina SE 250 Rapid Run		Macapa North (MCPN)	375287.6		Genomic DNA		
23	SAMN05944719	SAMN05944719		SRS1776507	RCJ37		3.63E06 cells/mL				0.87 ug/L	2012-07-23		56.2 uS/cm			0.5 m	502 umol C/kg		river	Amazon River water					Brazil:Amazon River		water	0.05033 S 51.03085 W		2.0 µm	0.2 µm				1.29 L		HiSeq 2500	Illumina SE 250 Rapid Run		Macapa North (MCPN)	71142.9		Genomic DNA		
24	SAMN05944603	SAMN05944603	0.1773 µEm-2sec-1	SRS1776180	ACJ28	4886 pmol leu/L/hr		0.51 m-1	88.0 pct			2012-07-18	10:43		7 pct	1.0130 g/ml	2 m			surface seawater	Amazon River Plume				0.62 mgm-3	Atlantic Ocean:Western Tropical North Atlantic Ocean	metagenome	water	6.374 N 51.398 W		156 µm	2.0 µm		1.2 Db	22.92 PSU	5.0 L	R/V Atlantis, July 2012	HiSeq 2500	Illumina PE 150x150	13.03	Station 4	128918.8	1226 µEm-2sec-1	Genomic DNA	28.99 C	-999
25	SAMN05944602	SAMN05944602	0.1773 µEm-2sec-1	SRS1776179	ACJ27	4886 pmol leu/L/hr		0.51 m-1	88.0 pct			2012-07-18	10:43		7 pct	1.0130 g/ml	2 m			surface seawater	Amazon River Plume				0.62 mgm-3	Atlantic Ocean:Western Tropical North Atlantic Ocean	metagenome	water	6.374 N 51.398 W		2.0 µm	0.2 µm		1.2 Db	22.92 PSU	10.0 L	R/V Atlantis, July 2012	HiSeq 2500	Illumina PE 150x150	13.03	Station 4	474112.2	1226 µEm-2sec-1	Genomic DNA	28.99 C	-999
26	SAMN05944601	SAMN05944601	0.1773 µEm-2sec-1	SRS1776182	ACJ26	4886 pmol leu/L/hr		0.51 m-1	88.0 pct			2012-07-18	10:43		7 pct	1.0130 g/ml	2 m			surface seawater	Amazon River Plume				0.62 mgm-3	Atlantic Ocean:Western Tropical North Atlantic Ocean	metagenome	water	6.374 N 51.398 W		156 µm	2.0 µm		1.2 Db	22.92 PSU	6.0 L	R/V Atlantis, July 2012	HiSeq 2500	Illumina PE 150x150	13.03	Station 4	578125.9	1226 µEm-2sec-1	Genomic DNA	28.99 C	-999
27	SAMN05944600	SAMN05944600	0.1773 µEm-2sec-1	SRS1776181	ACJ25	4886 pmol leu/L/hr		0.51 m-1	88.0 pct			2012-07-18	10:43		7 pct	1.0130 g/ml	2 m			surface seawater	Amazon River Plume				0.62 mgm-3	Atlantic Ocean:Western Tropical North Atlantic Ocean	metagenome	water	6.374 N 51.398 W		2.0 µm	0.2 µm		1.2 Db	22.92 PSU	6.0 L	R/V Atlantis, July 2012	HiSeq 2500	Illumina PE 150x150	13.03	Station 4	983919.7	1226 µEm-2sec-1	Genomic DNA	28.99 C	-999
28	SAMN05944599	SAMN05944599	0.0260 µEm-2sec-1	SRS1776191	ACJ48	1079 pmol leu/L/hr		11.75 m-1	5.3 pct			2012-07-21	9:41		1 pct	1.0201 g/ml	2 m	1644 µmol/kg	239.1 µmol/kg	surface seawater	Amazon River Plume				0.47 mgm-3	Atlantic Ocean:Western Tropical North Atlantic Ocean	metagenome	water	3.506 N 50.500 W		156 µm	2.0 µm	115.7 pct	1.2 Db	31.91 PSU	5	R/V Atlantis, July 2012	HiSeq 2500	Illumina SE 250 Rapid Run	20.09	Station 6	153763.4	1399 µEm-2sec-1	Genomic DNA	27.96 C	-999
29	SAMN05944598	SAMN05944598	0.0260 µEm-2sec-1	SRS1776192	ACJ47	1079 pmol leu/L/hr		11.75 m-1	5.3 pct			2012-07-21	9:41		1 pct	1.0201 g/ml	2 m	1644 µmol/kg	239.1 µmol/kg	surface seawater	Amazon River Plume				0.47 mgm-3	Atlantic Ocean:Western Tropical North Atlantic Ocean	metagenome	water	3.506 N 50.500 W		2.0 µm	0.2 µm	115.7 pct	1.2 Db	31.91 PSU	10	R/V Atlantis, July 2012	HiSeq 2500	Illumina SE 250 Rapid Run	20.09	Station 6	5253.6	1399 µEm-2sec-1	Genomic DNA	27.96 C	-999
30	SAMN05944597	SAMN05944597	0.0260 µEm-2sec-1	SRS1776189	ACJ46	1079 pmol leu/L/hr		11.75 m-1	5.3 pct			2012-07-21	9:41		1 pct	1.0201 g/ml	2 m	1644 µmol/kg	239.1 µmol/kg	surface seawater	Amazon River Plume				0.47 mgm-3	Atlantic Ocean:Western Tropical North Atlantic Ocean	metagenome	water	3.506 N 50.500 W		156 µm	2.0 µm	115.7 pct	1.2 Db	31.91 PSU	4.5	R/V Atlantis, July 2012	HiSeq 2500	Illumina SE 250 Rapid Run	20.09	Station 6	120195.3	1399 µEm-2sec-1	Genomic DNA	27.96 C	-999
31	SAMN05944596	SAMN05944596	0.0260 µEm-2sec-1	SRS1776190	ACJ45	1079 pmol leu/L/hr		11.75 m-1	5.3 pct			2012-07-21	9:41		1 pct	1.0201 g/ml	2 m	1644 µmol/kg	239.1 µmol/kg	surface seawater	Amazon River Plume				0.47 mgm-3	Atlantic Ocean:Western Tropical North Atlantic Ocean	metagenome	water	3.506 N 50.500 W		2.0 µm	0.2 µm	115.7 pct	1.2 Db	31.91 PSU	9	R/V Atlantis, July 2012	HiSeq 2500	Illumina SE 250 Rapid Run	20.09	Station 6	8852.8	1399 µEm-2sec-1	Genomic DNA	27.96 C	-999
32	SAMN05944595	SAMN05944595	0.1221 µEm-2sec-1	SRS1776202	ACJ44	647 pmol leu/L/hr		0.21 m-1	94.8 pct			2012-07-15	10:55		15 pct	1.0214 g/ml	2 m		112.6 µmol/kg	surface seawater	Amazon River Plume				0.10 mgm-3	Atlantic Ocean:Western Tropical North Atlantic Ocean	metagenome	water	10.664 N 55.032 W		156 µm	2.0 µm	57.0 pct	1.2 Db	33.85 PSU	11.5	R/V Atlantis, July 2012	HiSeq 2500	Illumina SE 250 Rapid Run	21.43	Station 2	5519.0	900 µEm-2sec-1	Genomic DNA	28.33 C	-999
33	SAMN05944594	SAMN05944594	0.1221 µEm-2sec-1	SRS1776201	ACJ43	647 pmol leu/L/hr		0.21 m-1	94.8 pct			2012-07-15	10:55		15 pct	1.0214 g/ml	2 m		112.6 µmol/kg	surface seawater	Amazon River Plume				0.10 mgm-3	Atlantic Ocean:Western Tropical North Atlantic Ocean	metagenome	water	10.664 N 55.032 W		2.0 µm	0.2 µm	57.0 pct	1.2 Db	33.85 PSU	23	R/V Atlantis, July 2012	HiSeq 2500	Illumina SE 250 Rapid Run	21.43	Station 2	72461.8	900 µEm-2sec-1	Genomic DNA	28.33 C	-999
34	SAMN05944593	SAMN05944593	0.1221 µEm-2sec-1	SRS1776200	ACJ42	647 pmol leu/L/hr		0.21 m-1	94.8 pct			2012-07-15	10:55		15 pct	1.0214 g/ml	2 m		112.6 µmol/kg	surface seawater	Amazon River Plume				0.10 mgm-3	Atlantic Ocean:Western Tropical North Atlantic Ocean	metagenome	water	10.664 N 55.032 W		156 µm	2.0 µm	57.0 pct	1.2 Db	33.85 PSU	12	R/V Atlantis, July 2012	HiSeq 2500	Illumina SE 250 Rapid Run	21.43	Station 2	8900.0	900 µEm-2sec-1	Genomic DNA	28.33 C	-999
35	SAMN05944592	SAMN05944592	0.1221 µEm-2sec-1	SRS1776199	ACJ41	647 pmol leu/L/hr		0.21 m-1	94.8 pct			2012-07-15	10:55		15 pct	1.0214 g/ml	2 m		112.6 µmol/kg	surface seawater	Amazon River Plume				0.10 mgm-3	Atlantic Ocean:Western Tropical North Atlantic Ocean	metagenome	water	10.664 N 55.032 W		2.0 µm	0.2 µm	57.0 pct	1.2 Db	33.85 PSU	12	R/V Atlantis, July 2012	HiSeq 2500	Illumina SE 250 Rapid Run	21.43	Station 2	114932.1	900 µEm-2sec-1	Genomic DNA	28.33 C	-999
36	SAMN05944591	SAMN05944591	0.0218 µEm-2sec-1	SRS1776198	ACJ40	965 pmol leu/L/hr		55.26 m-1	0.0 pct			2016-07-22	10:29		3 pct	0.9961 g/ml	2 m	415 µmol/kg	147.8 µmol/kg	surface seawater	Amazon River Plume				1.46 mgm-3	Atlantic Ocean:Western Tropical North Atlantic Ocean	metagenome	water	1.338 N 49.371 W		2.0 µm	0.2 µm	44.5 pct	1.2 Db	0.05 PSU	1.35 L	R/V Atlantis, July 2012	HiSeq 2500	Illumina SE 250 Rapid Run	-3.91	Station 10	367709.8	2470 µEm-2sec-1	Genomic DNA	28.64 C	-999
37	SAMN05944590	SAMN05944590	0.0218 µEm-2sec-1	SRS1776197	ACJ39	965 pmol leu/L/hr		55.26 m-1	0.0 pct			2016-07-22	10:29		3 pct	0.9961 g/ml	2 m	415 µmol/kg	147.8 µmol/kg	surface seawater	Amazon River Plume				1.46 mgm-3	Atlantic Ocean:Western Tropical North Atlantic Ocean	metagenome	water	1.338 N 49.371 W		2.0 µm	0.2 µm	44.5 pct	1.2 Db	0.05 PSU	1.61 L	R/V Atlantis, July 2012	HiSeq 2500	Illumina SE 250 Rapid Run	-3.91	Station 10	22510.4	2470 µEm-2sec-1	Genomic DNA	28.64 C	-999
38	SAMN05944589	SAMN05944589	0.0218 µEm-2sec-1	SRS1776188	ACJ34	965 pmol leu/L/hr		55.26 m-1	0.0 pct			2016-07-22	10:29		3 pct	0.9961 g/ml	2 m	415 µmol/kg	147.8 µmol/kg	surface seawater	Amazon River Plume				1.46 mgm-3	Atlantic Ocean:Western Tropical North Atlantic Ocean	metagenome	water	1.338 N 49.371 W		156 µm	2.0 µm	44.5 pct	1.2 Db	0.05 PSU	0.71 L	R/V Atlantis, July 2012	HiSeq 2500	Illumina PE 150x150	-3.91	Station 10	5109748.3	2470 µEm-2sec-1	Genomic DNA	28.64 C	-999
39	SAMN05944588	SAMN05944588	0.0218 µEm-2sec-1	SRS1776187	ACJ33	965 pmol leu/L/hr		55.26 m-1	0.0 pct			2016-07-22	10:29		3 pct	0.9961 g/ml	2 m	415 µmol/kg	147.8 µmol/kg	surface seawater	Amazon River Plume				1.46 mgm-3	Atlantic Ocean:Western Tropical North Atlantic Ocean	metagenome	water	1.338 N 49.371 W		156 µm	2.0 µm	44.5 pct	1.2 Db	0.05 PSU	0.875 L	R/V Atlantis, July 2012	HiSeq 2500	Illumina PE 150x150	-3.91	Station 10	15472379.4	2470 µEm-2sec-1	Genomic DNA	28.64 C	-999
40	SAMN05944587	SAMN05944587	0.1757 µEm-2sec-1	SRS1776196	ACJ38	1693 pmol leu/L/hr		55.23 m-1	0.0 pct			2016-07-23	11:00		2 pct	1.0058 g/ml	2 m	818 µmol/kg	285.5 µmol/kg	surface seawater	Amazon River Plume				1.16 mgm-3	Atlantic Ocean:Western Tropical North Atlantic Ocean	metagenome	water	0.949 N 48.674 W		2.0 µm	0.2 µm	111.8 pct	1.2 Db	13.10 PSU	0.68 L	R/V Atlantis, July 2012	HiSeq 2500	Illumina SE 250 Rapid Run	5.84	Station 11	103681.5	2271 µEm-2sec-1	Genomic DNA	28.60 C	-999
41	SAMN05944586	SAMN05944586	0.1757 µEm-2sec-1	SRS1776195	ACJ37	1693 pmol leu/L/hr		55.23 m-1	0.0 pct			2016-07-23	11:00		2 pct	1.0058 g/ml	2 m	818 µmol/kg	285.5 µmol/kg	surface seawater	Amazon River Plume				1.16 mgm-3	Atlantic Ocean:Western Tropical North Atlantic Ocean	metagenome	water	0.949 N 48.674 W		156 µm	2.0 µm	111.8 pct	1.2 Db	13.10 PSU	3.0 L	R/V Atlantis, July 2012	HiSeq 2500	Illumina PE 150x150	5.84	Station 11	12399939.9	2271 µEm-2sec-1	Genomic DNA	28.60 C	-999
42	SAMN05944585	SAMN05944585	0.1757 µEm-2sec-1	SRS1776194	ACJ36	1693 pmol leu/L/hr		55.23 m-1	0.0 pct			2016-07-23	11:00		2 pct	1.0058 g/ml	2 m	818 µmol/kg	285.5 µmol/kg	surface seawater	Amazon River Plume				1.16 mgm-3	Atlantic Ocean:Western Tropical North Atlantic Ocean	metagenome	water	0.949 N 48.674 W		156 µm	2.0 µm	111.8 pct	1.2 Db	13.10 PSU	3.0 L	R/V Atlantis, July 2012	HiSeq 2500	Illumina PE 150x150	5.84	Station 11	1005512.4	2271 µEm-2sec-1	Genomic DNA	28.60 C	-999
43	SAMN05944584	SAMN05944584	0.1757 µEm-2sec-1	SRS1776193	ACJ35	1693 pmol leu/L/hr		55.23 m-1	0.0 pct			2016-07-23	11:00		2 pct	1.0058 g/ml	2 m	818 µmol/kg	285.5 µmol/kg	surface seawater	Amazon River Plume				1.16 mgm-3	Atlantic Ocean:Western Tropical North Atlantic Ocean	metagenome	water	0.949 N 48.674 W		2.0 µm	0.2 µm	111.8 pct	1.2 Db	13.10 PSU	3.0 L	R/V Atlantis, July 2012	HiSeq 2500	Illumina PE 150x150	5.84	Station 11	104120.1	2271 µEm-2sec-1	Genomic DNA	28.60 C	-999
44	SAMN05944583	SAMN05944583	0.0804 µEm-2sec-1	SRS1776184	ACJ32	1135 pmol leu/L/hr		0.48 m-1	88.7 pct			2016-07-24	12:30		57 pct	1.0232 g/ml	2 m	2030 µmol/kg		surface seawater	Amazon River Plume				0.24 mgm-3	Atlantic Ocean:Western Tropical North Atlantic Ocean	metagenome	water	0.265 N 47.15 W		156 µm	2.0 µm		1.2 Db	36.34 PSU	5.75 L	R/V Atlantis, July 2012	HiSeq 2500	Illumina PE 150x150	23.28	Station 15	51950.2	1256 µEm-2sec-1	Genomic DNA	28.40 C	-999
45	SAMN05944582	SAMN05944582	0.0804 µEm-2sec-1	SRS1776183	ACJ31	1135 pmol leu/L/hr		0.48 m-1	88.7 pct			2016-07-24	12:30		57 pct	1.0232 g/ml	2 m	2030 µmol/kg		surface seawater	Amazon River Plume				0.24 mgm-3	Atlantic Ocean:Western Tropical North Atlantic Ocean	metagenome	water	0.265 N 47.15 W		2.0 µm	0.2 µm		1.2 Db	36.34 PSU	5.75 L	R/V Atlantis, July 2012	HiSeq 2500	Illumina PE 150x150	23.28	Station 15	97793.0	1256 µEm-2sec-1	Genomic DNA	28.40 C	-999
46	SAMN05944581	SAMN05944581	0.0804 µEm-2sec-1	SRS1776186	ACJ30	1135 pmol leu/L/hr		0.48 m-1	88.7 pct			2016-07-24	12:30		57 pct	1.0232 g/ml	2 m	2030 µmol/kg		surface seawater	Amazon River Plume				0.24 mgm-3	Atlantic Ocean:Western Tropical North Atlantic Ocean	metagenome	water	0.265 N 47.15 W		156 µm	2.0 µm		1.2 Db	36.34 PSU	6.0 L	R/V Atlantis, July 2012	HiSeq 2500	Illumina PE 150x150	23.28	Station 15	129359.1	1256 µEm-2sec-1	Genomic DNA	28.40 C	-999
47	SAMN05944580	SAMN05944580	0.0804 µEm-2sec-1	SRS1776185	ACJ29	1135 pmol leu/L/hr		0.48 m-1	88.7 pct			2016-07-24	12:30		57 pct	1.0232 g/ml	2 m	2030 µmol/kg		surface seawater	Amazon River Plume				0.24 mgm-3	Atlantic Ocean:Western Tropical North Atlantic Ocean	metagenome	water	0.265 N 47.15 W		2.0 µm	0.2 µm		1.2 Db	36.34 PSU	6.0 L	R/V Atlantis, July 2012	HiSeq 2500	Illumina PE 150x150	23.28	Station 15	502397.0	1256 µEm-2sec-1	Genomic DNA	28.40 C	-999
48	SAMN03252824	SAMN03252824		SRS842033	RCM48		3.58E06 cells/mL				3.82 ug/L	20-May-2011		15.9 uS/cm			0.5 m	155 umol C/kg		river	Amazon River	water				Brazil: Amazon River	Metagenome		2.484383 S 55.007500 W		297 um	2 um				0.675 L		HiSeq 2500	Illumina PE 150x150		Tapajos Surface (TAPS)	650372		Genomic DNA		
49	SAMN03252823	SAMN03252823		SRS842031	RCM47		3.58E06 cells/mL				3.82 ug/L	20-May-2011		15.9 uS/cm			0.5 m	155 umol C/kg		river	Amazon River	water				Brazil: Amazon River	Metagenome		2.484383 S 55.007500 W		2.0 um	0.2 um				1.42 L		HiSeq 2500	Illumina PE 150x150		Tapajos Surface (TAPS)	2501066		Genomic DNA		
50	SAMN03252822	SAMN03252822		SRS841948	RCM46		3.58E06 cells/mL				3.82 ug/L	20-May-2011		15.9 uS/cm			0.5 m	155 umol C/kg		river	Amazon River	water				Brazil: Amazon River	Metagenome		2.484383 S 55.007500 W		297 um	2 um				1.52 L		HiSeq 2500	Illumina PE 150x150		Tapajos Surface (TAPS)	807903		Genomic DNA		
51	SAMN03252821	SAMN03252821		SRS841947	RCM45		3.58E06 cells/mL				3.82 ug/L	20-May-2011		15.9 uS/cm			0.5 m	155 umol C/kg		river	Amazon River	water				Brazil: Amazon River	Metagenome		2.484383 S 55.007500 W		2.0 um	0.2 um				0.675 L		HiSeq 2500	Illumina PE 150x150		Tapajos Surface (TAPS)	164552		Genomic DNA		
52	SAMN03252820	SAMN03252820		SRS840071	RCM44		3.66E06 cells/mL				3.99 ug/L	20-May-2011		16.8 uS/cm			15 m	156 umol C/kg		river	Amazon River	water				Brazil: Amazon River	Metagenome		2.484383 S 55.007500 W		297 um	2 um				1.57 L		HiSeq 2500	Illumina PE 150x150		Tapajos Depth (TAPD)	1379903		Genomic DNA		
53	SAMN03252819	SAMN03252819		SRS840070	RCM43		3.66E06 cells/mL				3.99 ug/L	20-May-2011		16.8 uS/cm			15 m	156 umol C/kg		river	Amazon River	water				Brazil: Amazon River	Metagenome		2.484383 S 55.007500 W		2.0 um	0.2 um				1.57 L		HiSeq 2500	Illumina PE 150x150		Tapajos Depth (TAPD)	1842684		Genomic DNA		
54	SAMN03252818	SAMN03252818		SRS839200	RCM42		3.66E06 cells/mL				3.99 ug/L	20-May-2011		16.8 uS/cm			15 m	156 umol C/kg		river	Amazon River	water				Brazil: Amazon River	Metagenome		2.484383 S 55.007500 W		297 um	2 um				0.73 L		HiSeq 2500	Illumina PE 150x150		Tapajos Depth (TAPD)	943179		Genomic DNA		
55	SAMN03252817	SAMN03252817		SRS839199	RCM41		3.66E06 cells/mL				3.99 ug/L	20-May-2011		16.8 uS/cm			15 m	156 umol C/kg		river	Amazon River	water				Brazil: Amazon River	Metagenome		2.484383 S 55.007500 W		2.0 um	0.2 um				1.4 L		HiSeq 2500	Illumina PE 150x150		Tapajos Depth (TAPD)	2393401		Genomic DNA		
56	SAMN03252816	SAMN03252816		SRS837593	RCM40		3.76E06 cells/mL				3.23 ug/L	19-May-2011		56.4 uS/cm			33 m	551 umol C/kg		river	Amazon River	water				Brazil: Amazon River	Metagenome		1.919017 S 55.525717 W		297 um	2 um				0.61 L		HiSeq 2500	Illumina PE 150x150		Obidos (OB)	2183485		Genomic DNA		
57	SAMN03252815	SAMN03252815		SRS837592	RCM39		3.76E06 cells/mL				3.23 ug/L	19-May-2011		56.4 uS/cm			33 m	551 umol C/kg		river	Amazon River	water				Brazil: Amazon River	Metagenome		1.919017 S 55.525717 W		2.0 um	0.2 um				0.61 L		HiSeq 2500	Illumina PE 150x150		Obidos (OB)	629099		Genomic DNA		
58	SAMN03252814	SAMN03252814		SRS837591	RCM38		3.76E06 cells/mL				3.23 ug/L	19-May-2011		56.4 uS/cm			33 m	551 umol C/kg		river	Amazon River	water				Brazil: Amazon River	Metagenome		1.919017 S 55.525717 W		297 um	2 um				1.03 L		HiSeq 2500	Illumina PE 150x150		Obidos (OB)	903094		Genomic DNA		
59	SAMN03252813	SAMN03252813		SRS837590	RCM37		3.76E06 cells/mL				3.23 ug/L	19-May-2011		56.4 uS/cm			33 m	551 umol C/kg		river	Amazon River	water				Brazil: Amazon River	Metagenome		1.919017 S 55.525717 W		2.0 um	0.2 um				1.03 L		HiSeq 2500	Illumina PE 150x150		Obidos (OB)	170520		Genomic DNA		
60	SAMN03252812	SAMN03252812		SRS837556	RCM36		3.64E06 cells/mL				2.03 ug/L	13-May-2011		37.1 uS/cm			19 m	308 umol C/kg		river	Amazon River	water				Brazil: Amazon River	Metagenome		1.519367 S 48.917950 W		297 um	2 um				1.3 L		HiSeq 2500	Illumina PE 150x150		Belem (BLM)	5706669		Genomic DNA		
61	SAMN03252811	SAMN03252811		SRS837532	RCM35		3.64E06 cells/mL				2.03 ug/L	13-May-2011		37.1 uS/cm			19 m	308 umol C/kg		river	Amazon River	water				Brazil: Amazon River	Metagenome		1.519367 S 48.917950 W		2.0 um	0.2 um				1.3 L		HiSeq 2500	Illumina PE 150x150		Belem (BLM)	1215522		Genomic DNA		
62	SAMN03252810	SAMN03252810		SRS837501	RCM34		3.64E06 cells/mL				2.03 ug/L	13-May-2011		37.1 uS/cm			19 m	308 umol C/kg		river	Amazon River	water				Brazil: Amazon River	Metagenome		1.519367 S 48.917950 W		297 um	2 um				1.31 L		HiSeq 2500	Illumina PE 150x150		Belem (BLM)	546133		Genomic DNA		
63	SAMN03252809	SAMN03252809		SRS837381	RCM33		3.64E06 cells/mL				2.03 ug/L	13-May-2011		37.1 uS/cm			19 m	308 umol C/kg		river	Amazon River	water				Brazil: Amazon River	Metagenome		1.519367 S 48.917950 W		2.0 um	0.2 um				1.31 L		HiSeq 2500	Illumina PE 150x150		Belem (BLM)	2546761		Genomic DNA		
64	SAMN03252808	SAMN03252808		SRS837379	RCM32		3.94E06 cells/mL				1.99 ug/L	08-May-2011		55.3 uS/cm			10 m	459 umol C/kg		river	Amazon River	water				Brazil: Amazon River	Metagenome		0.156917 S 50.622550 W		297 um	2 um				0.81 L		HiSeq 2500	Illumina PE 150x150		Macapa South (MCPS)	1343560		Genomic DNA		
65	SAMN03252807	SAMN03252807		SRS836936	RCM31		3.94E06 cells/mL				1.99 ug/L	08-May-2011		55.3 uS/cm			10 m	459 umol C/kg		river	Amazon River	water				Brazil: Amazon River	Metagenome		0.156917 S 50.622550 W		2.0 um	0.2 um				0.81 L		HiSeq 2500	Illumina PE 150x150		Macapa South (MCPS)	179176		Genomic DNA		
66	SAMN03252806	SAMN03252806		SRS836778	RCM30		3.94E06 cells/mL				1.99 ug/L	08-May-2011		55.3 uS/cm			10 m	459 umol C/kg		river	Amazon River	water				Brazil: Amazon River	Metagenome		0.156917 S 50.622550 W		297 um	2 um				0.6 L		HiSeq 2500	Illumina PE 150x150		Macapa South (MCPS)	2155856		Genomic DNA		
67	SAMN03252805	SAMN03252805		SRS836773	RCM29		3.94E06 cells/mL				1.99 ug/L	08-May-2011		55.3 uS/cm			10 m	459 umol C/kg		river	Amazon River	water				Brazil: Amazon River	Metagenome		0.156917 S 50.622550 W		2.0 um	0.2 um				0.67 L		HiSeq 2500	Illumina PE 150x150		Macapa South (MCPS)	107128		Genomic DNA		
68	SAMN03252804	SAMN03252804		SRS836566	RCM28		3.96E06 cells/mL				1.67 ug/L	07-May-2011		61.5 uS/cm			14 m	507 umol C/kg		river	Amazon River	water				Brazil: Amazon River	Metagenome		0.083883 S 51.051417 W		297 um	2 um				0.5 L		HiSeq 2500	Illumina PE 150x150		Macapa North (MCPN)	2382985		Genomic DNA		
69	SAMN03252803	SAMN03252803		SRS836563	RCM27		3.96E06 cells/mL				1.67 ug/L	07-May-2011		61.5 uS/cm			14 m	507 umol C/kg		river	Amazon River	water				Brazil: Amazon River	Metagenome		0.083883 S 51.051417 W		2.0 um	0.2 um				0.5 L		HiSeq 2500	Illumina PE 150x150		Macapa North (MCPN)	934437		Genomic DNA		
70	SAMN03252802	SAMN03252802		SRS836421	RCM26		3.96E06 cells/mL				1.67 ug/L	07-May-2011		61.5 uS/cm			14 m	507 umol C/kg		river	Amazon River	water				Brazil: Amazon River	Metagenome		0.083883 S 51.051417 W		297 um	2 um				0.66 L		HiSeq 2500	Illumina PE 150x150		Macapa North (MCPN)	758599		Genomic DNA		
71	SAMN03252801	SAMN03252801		SRS836418	RCM25		3.96E06 cells/mL				1.67 ug/L	07-May-2011		61.5 uS/cm			14 m	507 umol C/kg		river	Amazon River	water				Brazil: Amazon River	Metagenome		0.083883 S 51.051417 W		2.0 um	0.2 um				0.46 L		HiSeq 2500	Illumina PE 150x150		Macapa North (MCPN)	158034		Genomic DNA		
72	SAMN02628424	SAMN02628424	80.36 _Em-2sec-1	SRS565995	ACM6	16.11 pmol leu/L/hr		0.19 m-1	95.44 pct	surface seawater		2010-06-21	0755		4.21 pct	1023.05 kgm-2	3.89 m	2005 _mol/kg	188.39 _mol/kg				MIGS/MIMS/MIMARKS.water	Amazon River Plume	0.01 mgm-3	Atlantic Ocean:Western Tropical North Atlantic Ocean	Metagenome		12.41 -52.22	water	2.0 _m	0.2 _m	96.95 pct	3.92 Db	36.03 PSU	10 L	R/V Knorr, May-June 2010	Genome Analyzer IIx	Illumina PE 150x150	23.04	Station 27	606156	1621.32 _Em-2sec-1	Genomic DNA	28.40 C	1.07 NTU
73	SAMN02628423	SAMN02628423	80.36 _Em-2sec-1	SRS580502	ACM56	16.11 pmol leu/L/hr		0.19 m-1	95.44 pct	surface seawater		2010-06-21	0928		4.21 pct	1023.05 kgm-2	3.89 m	2005 _mol/kg	188.39 _mol/kg				MIGS/MIMS/MIMARKS.water	Amazon River Plume	0.01 mgm-3	Atlantic Ocean:Western Tropical North Atlantic Ocean	Metagenome		12.41 -52.22	water	156 _m	2.0 _m	96.95 pct	3.92 Db	36.03 PSU	12.8 L	R/V Knorr, May-June 2010	Genome Analyzer IIx	Illumina PE 150x150	23.04	Station 27	1899200	1621.32 _Em-2sec-1	Genomic DNA	28.40 C	1.07 NTU
74	SAMN02628422	SAMN02628422	80.36 _Em-2sec-1	SRS580500	ACM55	16.11 pmol leu/L/hr		0.19 m-1	95.44 pct	surface seawater		2010-06-21	0843		4.21 pct	1023.05 kgm-2	3.89 m	2005 _mol/kg	188.39 _mol/kg				MIGS/MIMS/MIMARKS.water	Amazon River Plume	0.01 mgm-3	Atlantic Ocean:Western Tropical North Atlantic Ocean	Metagenome		12.41 -52.22	water	2.0 _m	0.2 _m	96.95 pct	3.92 Db	36.03 PSU	13.4 L	R/V Knorr, May-June 2010	Genome Analyzer IIx	Illumina PE 150x150	23.04	Station 27	56055488	1621.32 _Em-2sec-1	Genomic DNA	28.40 C	1.07 NTU
75	SAMN02628421	SAMN02628421	73.71 _Em-2sec-1	SRS584253	ACM54	78.48 pmol leu/L/hr		0.65 m-1	84.92 pct	surface seawater		2010-06-18	0930		3.42 pct	1019.66 kgm-2	3.93 m	1775 _mol/kg	213.84 _mol/kg				MIGS/MIMS/MIMARKS.water	Amazon River Plume	0.99 mgm-3	Atlantic Ocean:Western Tropical North Atlantic Ocean	Metagenome		11.31 -56.43	water	156 _m	2.0 _m	108.60 pct	3.95 Db	31.87 PSU	5.05 L	R/V Knorr, May-June 2010	HiSeq 2500	Illumina PE 150x150	19.65	Station 25	104368	2057.58 _Em-2sec-1	Genomic DNA	29.21 C	1.23 NTU
76	SAMN02628420	SAMN02628420	73.71 _Em-2sec-1	SRS580499	ACM53	78.48 pmol leu/L/hr		0.65 m-1	84.92 pct	surface seawater		2010-06-18	0845		3.42 pct	1019.66 kgm-2	3.93 m	1775 _mol/kg	213.84 _mol/kg				MIGS/MIMS/MIMARKS.water	Amazon River Plume	0.99 mgm-3	Atlantic Ocean:Western Tropical North Atlantic Ocean	Metagenome		11.31 -56.43	water	2.0 _m	0.2 _m	108.60 pct	3.95 Db	31.87 PSU	9.8 L	R/V Knorr, May-June 2010	Genome Analyzer IIx	Illumina PE 150x150	19.65	Station 25	144810010	2057.58 _Em-2sec-1	Genomic DNA	29.21 C	1.23 NTU
77	SAMN02628419	SAMN02628419	80.36 _Em-2sec-1	SRS565994	ACM5	16.11 pmol leu/L/hr		0.19 m-1	95.44 pct	surface seawater		2010-06-21	0843		4.21 pct	1023.05 kgm-2	3.89 m	2005 _mol/kg	188.39 _mol/kg				MIGS/MIMS/MIMARKS.water	Amazon River Plume	0.01 mgm-3	Atlantic Ocean:Western Tropical North Atlantic Ocean	Metagenome		12.41 -52.22	water	156 _m	2.0 _m	96.95 pct	3.92 Db	36.03 PSU	10.1 L	R/V Knorr, May-June 2010	Genome Analyzer IIx	Illumina PE 150x150	23.04	Station 27	200129	1621.32 _Em-2sec-1	Genomic DNA	28.40 C	1.07 NTU
78	SAMN02628418	SAMN02628418	65.38 _Em-2sec-1	SRS577852	ACM41	139.68 pmol leu/L/hr		0.30 m-1	92.69 pct	surface seawater		2010-05-26	1000		2.42 pct	1018.98 kgm-2	3.76 m	1846 _mol/kg	188.26 _mol/kg				MIGS/MIMS/MIMARKS.water	Amazon River Plume	0.28 mgm-3	Atlantic Ocean:Western Tropical North Atlantic Ocean	Metagenome		7.29 -53.00	water	156 _m	2.0 _m	94.43 pct	3.78 Db	30.80 PSU	10.4 L	R/V Knorr, May-June 2010	Genome Analyzer IIx	Illumina PE 150x150	18.97	Station 3		2690.35 _Em-2sec-1	Genomic DNA	28.85 C	1.12 NTU
79	SAMN02628417	SAMN02628417	65.38 _Em-2sec-1	SRS582491	ACM40	139.68 pmol leu/L/hr		0.30 m-1	92.69 pct	surface seawater		2010-05-26	1000		2.42 pct	1018.98 kgm-2	3.76 m	1846 _mol/kg	188.26 _mol/kg				MIGS/MIMS/MIMARKS.water	Amazon River Plume	0.28 mgm-3	Atlantic Ocean:Western Tropical North Atlantic Ocean	Metagenome		7.29 -53.00	water	2.0 _m	0.2 _m	94.43 pct	3.78 Db	30.80 PSU	10.4 L	R/V Knorr, May-June 2010	Genome Analyzer IIx	Illumina PE 150x150	18.97	Station 3	1393074	2690.35 _Em-2sec-1	Genomic DNA	28.85 C	1.12 NTU
80	SAMN02628416	SAMN02628416	22.08 _Em-2sec-1	SRS584254	ACM4	327.96 pmol leu/L/hr		3.13 m-1	45.80 pct	surface seawater		2010-06-05	0850		1.30 pct	1012.65 kgm-2	4.26 m	1373 _mol/kg	251.56 _mol/kg				MIGS/MIMS/MIMARKS.water	Amazon River Plume	7.25 mgm-3	Atlantic Ocean:Western Tropical North Atlantic Ocean	Metagenome		4.88 -51.36	water	2.0 _m	0.2 _m	120.81 pct	4.28 Db	22.55 PSU	4.8 L	R/V Knorr, May-June 2010	Genome Analyzer IIx	Illumina PE 150x150	12.63	Station 10	2718586	1913.71 _Em-2sec-1	Genomic DNA	29.36 C	3.02 NTU
81	SAMN02628415	SAMN02628415	27.94 _Em-2sec-1	SRS580498	ACM39	79.80 pmol leu/L/hr		0.25 m-1	93.85 pct	surface seawater		2010-06-16	0806		2.01 pct	1015.64 kgm-2	3.64 m	1576 _mol/kg	194.25 _mol/kg				MIGS/MIMS/MIMARKS.water	Amazon River Plume	0.16 mgm-3	Atlantic Ocean:Western Tropical North Atlantic Ocean	Metagenome		10.68 -54.42	water	156 _m	2.0 _m	95.39 pct	3.66 Db	26.49 PSU	10 L	R/V Knorr, May-June 2010	Genome Analyzer IIx	Illumina PE 150x150	15.62	Station 23	2387283	1449.22 _Em-2sec-1	Genomic DNA	29.22 C	1.10 NTU
82	SAMN02628414	SAMN02628414	27.94 _Em-2sec-1	SRS582463	ACM38	79.80 pmol leu/L/hr		0.25 m-1	93.85 pct	surface seawater		2010-06-16	1015		2.01 pct	1015.64 kgm-2	3.64 m	1576 _mol/kg	194.25 _mol/kg				MIGS/MIMS/MIMARKS.water	Amazon River Plume	0.16 mgm-3	Atlantic Ocean:Western Tropical North Atlantic Ocean	Metagenome		10.68 -54.42	water	2.0 _m	0.2 _m	95.39 pct	3.66 Db	26.49 PSU	10.8 L	R/V Knorr, May-June 2010	Genome Analyzer IIx	Illumina PE 150x150	15.62	Station 23	206871443	1449.22 _Em-2sec-1	Genomic DNA	29.22 C	1.10 NTU
83	SAMN02628413	SAMN02628413	22.08 _Em-2sec-1	SRS584255	ACM37	327.96 pmol leu/L/hr		3.13 m-1	45.80 pct	surface seawater		2010-06-05	0850		1.30 pct	1012.65 kgm-2	4.26 m	1373 _mol/kg	251.56 _mol/kg				MIGS/MIMS/MIMARKS.water	Amazon River Plume	7.25 mgm-3	Atlantic Ocean:Western Tropical North Atlantic Ocean	Metagenome		4.88 -51.36	water	156 _m	2.0 _m	120.81 pct	4.28 Db	22.55 PSU	4.8 L	R/V Knorr, May-June 2010	Genome Analyzer IIx	Illumina PE 150x150	12.63	Station 10	13533646	1913.71 _Em-2sec-1	Genomic DNA	29.36 C	3.02 NTU
84	SAMN02628412	SAMN02628412	22.08 _Em-2sec-1	SRS577850	ACM36	327.96 pmol leu/L/hr		3.13 m-1	45.80 pct	surface seawater		2010-06-05	0749		1.30 pct	1012.65 kgm-2	4.26 m	1373 _mol/kg	251.56 _mol/kg				MIGS/MIMS/MIMARKS.water	Amazon River Plume	7.25 mgm-3	Atlantic Ocean:Western Tropical North Atlantic Ocean	Metagenome		4.88 -51.36	water	2.0 _m	0.2 _m	120.81 pct	4.28 Db	22.55 PSU	5.2 L	R/V Knorr, May-June 2010	Genome Analyzer IIx	Illumina PE 150x150	12.63	Station 10		1913.71 _Em-2sec-1	Genomic DNA	29.36 C	3.02 NTU
85	SAMN02628411	SAMN02628411	22.08 _Em-2sec-1	SRS582461	ACM3	327.96 pmol leu/L/hr		3.13 m-1	45.80 pct	surface seawater		2010-06-05	0749		1.30 pct	1012.65 kgm-2	4.26 m	1373 _mol/kg	251.56 _mol/kg				MIGS/MIMS/MIMARKS.water	Amazon River Plume	7.25 mgm-3	Atlantic Ocean:Western Tropical North Atlantic Ocean	Metagenome		4.88 -51.36	water	156 _m	2.0 _m	120.81 pct	4.28 Db	22.55 PSU	5.2 L	R/V Knorr, May-June 2010	Genome Analyzer IIx	Illumina PE 150x150	12.63	Station 10	2347636	1913.71 _Em-2sec-1	Genomic DNA	29.36 C	3.02 NTU
86	SAMN02628410	SAMN02628410	16.71 _Em-2sec-1	SRS580495	ACM25	112.48 pmol leu/L/hr		0.42 m-1	90.13 pct	surface seawater		2010-05-25	0839		2.09 pct	1019.80 kgm-2	4.47 m	1802 _mol/kg	196.25 _mol/kg				MIGS/MIMS/MIMARKS.water	Amazon River Plume	0.61 mgm-3	Atlantic Ocean:Western Tropical North Atlantic Ocean	Metagenome		10.29 -54.51	water	156 _m	2.0 _m	98.70 pct	4.50 Db	31.80 PSU	11.1 L	R/V Knorr, May-June 2010	Genome Analyzer IIx	Illumina PE 150x150	19.78	Station 2	70616943	796.66 _Em-2sec-1	Genomic DNA	28.63 C	1.17 NTU
87	SAMN02628409	SAMN02628409	16.71 _Em-2sec-1	SRS577849	ACM24	112.48 pmol leu/L/hr		0.42 m-1	90.13 pct	surface seawater		2010-05-25	0710		2.09 pct	1019.80 kgm-2	4.47 m	1802 _mol/kg	196.25 _mol/kg				MIGS/MIMS/MIMARKS.water	Amazon River Plume	0.61 mgm-3	Atlantic Ocean:Western Tropical North Atlantic Ocean	Metagenome		10.29 -54.51	water	2.0 _m	0.2 _m	98.70 pct	4.50 Db	31.80 PSU	4.85 L	R/V Knorr, May-June 2010	MiSeq	Illumina PE 150x150	19.78	Station 2	603802	796.66 _Em-2sec-1	Genomic DNA	28.63 C	1.17 NTU
88	SAMN02628408	SAMN02628408	73.71 _Em-2sec-1	SRS582462	ACM23	78.48 pmol leu/L/hr		0.65 m-1	84.92 pct	surface seawater		2010-06-18	0845		3.42 pct	1019.66 kgm-2	3.93 m	1775 _mol/kg	213.84 _mol/kg				MIGS/MIMS/MIMARKS.water	Amazon River Plume	0.99 mgm-3	Atlantic Ocean:Western Tropical North Atlantic Ocean	Metagenome		11.31 -56.43	water	156 _m	2.0 _m	108.60 pct	3.95 Db	31.87 PSU	4.85 L	R/V Knorr, May-June 2010	MiSeq	Illumina PE 150x150	19.65	Station 25	589720	2057.58 _Em-2sec-1	Genomic DNA	29.21 C	1.23 NTU
89	SAMN02628407	SAMN02628407	73.71 _Em-2sec-1	SRS581965	ACM22	78.48 pmol leu/L/hr		0.65 m-1	84.92 pct	surface seawater		2010-06-18	0757		3.42 pct	1019.66 kgm-2	3.93 m	1775 _mol/kg	213.84 _mol/kg				MIGS/MIMS/MIMARKS.water	Amazon River Plume	0.99 mgm-3	Atlantic Ocean:Western Tropical North Atlantic Ocean	Metagenome		11.31 -56.43	water	2.0 _m	0.2 _m	108.60 pct	3.95 Db	31.87 PSU	9.4 L	R/V Knorr, May-June 2010	Genome Analyzer IIx	Illumina PE 150x150	19.65	Station 25	337421	2057.58 _Em-2sec-1	Genomic DNA	29.21 C	1.23 NTU
90	SAMN02628406	SAMN02628406	27.94 _Em-2sec-1	SRS581964	ACM21	79.80 pmol leu/L/hr		0.25 m-1	93.85 pct	surface seawater		2010-06-16	1015		2.01 pct	1015.64 kgm-2	3.64 m	1576 _mol/kg	194.25 _mol/kg				MIGS/MIMS/MIMARKS.water	Amazon River Plume	0.16 mgm-3	Atlantic Ocean:Western Tropical North Atlantic Ocean	Metagenome		10.68 -54.42	water	156 _m	2.0 _m	95.39 pct	3.66 Db	26.49 PSU	10.8 L	R/V Knorr, May-June 2010	Genome Analyzer IIx	Illumina PE 150x150	15.62	Station 23	146836	1449.22 _Em-2sec-1	Genomic DNA	29.22 C	1.10 NTU
91	SAMN02628405	SAMN02628405	27.94 _Em-2sec-1	SRS567886	ACM20	79.80 pmol leu/L/hr		0.25 m-1	93.85 pct	surface seawater		2010-06-16	0806		2.01 pct	1015.64 kgm-2	3.64 m	1576 _mol/kg	194.25 _mol/kg				MIGS/MIMS/MIMARKS.water	Amazon River Plume	0.16 mgm-3	Atlantic Ocean:Western Tropical North Atlantic Ocean	Metagenome		10.68 -54.42	water	2.0 _m	0.2 _m	95.39 pct	3.66 Db	26.49 PSU	10 L	R/V Knorr, May-June 2010	Genome Analyzer IIx	Illumina PE 150x150	15.62	Station 23	11447432	1449.22 _Em-2sec-1	Genomic DNA	29.22 C	1.10 NTU
92	SAMN02628404	SAMN02628404	16.71 _Em-2sec-1	SRS565748	ACM2	112.48 pmol leu/L/hr		0.42 m-1	90.13 pct	surface seawater		2010-05-25	0755		2.09 pct	1019.80 kgm-2	4.47 m	1802 _mol/kg	196.25 _mol/kg				MIGS/MIMS/MIMARKS.water	Amazon River Plume	0.61 mgm-3	Atlantic Ocean:Western Tropical North Atlantic Ocean	Metagenome		10.29 -54.51	water	2.0 _m	0.2 _m	98.70 pct	4.50 Db	31.80 PSU	10.8 L	R/V Knorr, May-June 2010	Genome Analyzer IIx	Illumina PE 150x150	19.78	Station 2	824111	796.66 _Em-2sec-1	Genomic DNA	28.63 C	1.17 NTU
93	SAMN02628403	SAMN02628403	65.38 _Em-2sec-1	SRS567313	ACM19	139.68 pmol leu/L/hr		0.30 m-1	92.69 pct	surface seawater		2010-05-26	0823		2.42 pct	1018.98 kgm-2	3.76 m	1846 _mol/kg	188.26 _mol/kg				MIGS/MIMS/MIMARKS.water	Amazon River Plume	0.28 mgm-3	Atlantic Ocean:Western Tropical North Atlantic Ocean	Metagenome		7.29 -53.00	water	156 _m	2.0 _m	94.43 pct	3.78 Db	30.80 PSU	10.4 L	R/V Knorr, May-June 2010	Genome Analyzer IIx	Illumina PE 150x150	18.97	Station 3	349248	2690.35 _Em-2sec-1	Genomic DNA	28.85 C	1.12 NTU
94	SAMN02628402	SAMN02628402	65.38 _Em-2sec-1	SRS567311	ACM18	139.68 pmol leu/L/hr		0.30 m-1	92.69 pct	surface seawater		2010-05-26	0910		2.42 pct	1018.98 kgm-2	3.76 m	1846 _mol/kg	188.26 _mol/kg				MIGS/MIMS/MIMARKS.water	Amazon River Plume	0.28 mgm-3	Atlantic Ocean:Western Tropical North Atlantic Ocean	Metagenome		7.29 -53.00	water	2.0 _m	0.2 _m	94.43 pct	3.78 Db	30.80 PSU	10.2 L	R/V Knorr, May-June 2010	Genome Analyzer IIx	Illumina PE 150x150	18.97	Station 3	1475896	2690.35 _Em-2sec-1	Genomic DNA	28.85 C	1.12 NTU
95	SAMN02628401	SAMN02628401	16.71 _Em-2sec-1	SRS565747	ACM1	112.48 pmol leu/L/hr		0.42 m-1	90.13 pct	surface seawater		2010-05-25	0755		2.09 pct	1019.80 kgm-2	4.47 m	1802 _mol/kg	196.25 _mol/kg				MIGS/MIMS/MIMARKS.water	Amazon River Plume	0.61 mgm-3	Atlantic Ocean:Western Tropical North Atlantic Ocean	Metagenome		10.29 -54.51	water	156 _m	2.0 _m	98.70 pct	4.50 Db	31.80 PSU	10.8 L	R/V Knorr, May-June 2010	Genome Analyzer IIx	Illumina PE 150x150	19.78	Station 2	326737	796.66 _Em-2sec-1	Genomic DNA	28.63 C	1.17 NTU
