	20-sep-2015	Sample_Alias	alias	collection_date	collection_date date	depth	description	ena checklist	environment (biome)	environment (feature)	environment (material)	environmental package	event date	event date/time	event date/time date	event label	event time	geographic location (country and/or sea)	insdc center alias	insdc center name	insdc status	last update date	last update date date	latitude	longitude	marine region	nitrate sensor	oxygen sensor	protocol label	salinity	sample collection device	sample site	sampling campaign	sampling platform	sampling site	sampling station	sequencing method	size fraction lower threshold	sra accession	temperature	title
0		SAMEA104347471	KD177_170407			-999		ERC000027	marine biome	marine water body		water	2017-10-11				23:04:14		UNIVERSITY OF ALASKA FAIRBANKS	UNIVERSITY OF ALASKA FAIRBANKS	public			-999	-999	Arctic Ocean			NPL022	-999			GEOTRACES ARCTIC 2015	CGC Healy					ERS1972449	-999	
1		SAMEA104347470	KD177_170322			-999		ERC000027	marine biome	marine water body		water	2017-10-11				23:04:14		UNIVERSITY OF ALASKA FAIRBANKS	UNIVERSITY OF ALASKA FAIRBANKS	public			-999	-999	Arctic Ocean			NPL022	-999			GEOTRACES ARCTIC 2015	CGC Healy					ERS1972448	-999	
2		SAMEA104347469	KD134_170407			1	Station 66 seawater, depth 1m	ERC000027	marine biome	marine water body	seawater	water	2017-10-11				23:04:14		UNIVERSITY OF ALASKA FAIRBANKS	UNIVERSITY OF ALASKA FAIRBANKS	public			72.02705	-162.5408	Arctic Ocean			NPL022	-999			GEOTRACES ARCTIC 2015	CGC Healy	66				ERS1972447	-999	Station 66 seawater, depth 1m
3		SAMEA104347468	KD134_170322			1	Station 66 seawater, depth 1m	ERC000027	marine biome	marine water body	seawater	water	2017-10-11				23:04:14		UNIVERSITY OF ALASKA FAIRBANKS	UNIVERSITY OF ALASKA FAIRBANKS	public			72.02705	-162.5408	Arctic Ocean			NPL022	-999			GEOTRACES ARCTIC 2015	CGC Healy	66				ERS1972446	-999	Station 66 seawater, depth 1m
4		SAMEA104347467	KD126_170407			336.2	Station 60 seawater, depth 336.2m	ERC000027	marine biome	marine water body	seawater	water	2017-10-11				23:04:14		UNIVERSITY OF ALASKA FAIRBANKS	UNIVERSITY OF ALASKA FAIRBANKS	public			72.9997	-158.7448	Arctic Ocean			NPL022	34.8129			GEOTRACES ARCTIC 2015	CGC Healy	60				ERS1972445	0.6785	Station 60 seawater, depth 336.2m
5		SAMEA104347466	KD126_170322			336.2	Station 60 seawater, depth 336.2m	ERC000027	marine biome	marine water body	seawater	water	2017-10-11				23:04:14		UNIVERSITY OF ALASKA FAIRBANKS	UNIVERSITY OF ALASKA FAIRBANKS	public			72.9997	-158.7448	Arctic Ocean			NPL022	34.8129			GEOTRACES ARCTIC 2015	CGC Healy	60				ERS1972444	0.6785	Station 60 seawater, depth 336.2m
6		SAMEA104347465	KD125_170407			36.6	Station 60 seawater, depth 36.6m	ERC000027	marine biome	marine water body	seawater	water	2017-10-11				23:04:14		UNIVERSITY OF ALASKA FAIRBANKS	UNIVERSITY OF ALASKA FAIRBANKS	public			72.9997	-158.7448	Arctic Ocean			NPL022	30.081			GEOTRACES ARCTIC 2015	CGC Healy	60				ERS1972443	-0.8518	Station 60 seawater, depth 36.6m
7		SAMEA104347464	KD125_170322			36.6	Station 60 seawater, depth 36.6m	ERC000027	marine biome	marine water body	seawater	water	2017-10-11				23:04:14		UNIVERSITY OF ALASKA FAIRBANKS	UNIVERSITY OF ALASKA FAIRBANKS	public			72.9997	-158.7448	Arctic Ocean			NPL022	30.081			GEOTRACES ARCTIC 2015	CGC Healy	60				ERS1972442	-0.8518	Station 60 seawater, depth 36.6m
8		SAMEA104347463	KD116_170407			110.9	Station 60 seawater, depth 110.9m	ERC000027	marine biome	marine water body	seawater	water	2017-10-11				23:04:14		UNIVERSITY OF ALASKA FAIRBANKS	UNIVERSITY OF ALASKA FAIRBANKS	public			72.9997	-158.7448	Arctic Ocean			NPL022	32.4233			GEOTRACES ARCTIC 2015	CGC Healy	60				ERS1972441	-1.3887	Station 60 seawater, depth 110.9m
9		SAMEA104347462	KD116_170322			110.9	Station 60 seawater, depth 110.9m	ERC000027	marine biome	marine water body	seawater	water	2017-10-11				23:04:14		UNIVERSITY OF ALASKA FAIRBANKS	UNIVERSITY OF ALASKA FAIRBANKS	public			72.9997	-158.7448	Arctic Ocean			NPL022	32.4233			GEOTRACES ARCTIC 2015	CGC Healy	60				ERS1972440	-1.3887	Station 60 seawater, depth 110.9m
10		SAMEA104347461	KD109_170407			40.3	Station 54 seawater, depth 40.3m	ERC000027	marine biome	marine water body	seawater	water	2017-10-11				23:04:14		UNIVERSITY OF ALASKA FAIRBANKS	UNIVERSITY OF ALASKA FAIRBANKS	public			76.5011	-149.5091	Arctic Ocean			NPL022	29.0736			GEOTRACES ARCTIC 2015	CGC Healy	54				ERS1972439	-1.0737	Station 54 seawater, depth 40.3m
11		SAMEA104347460	KD109_170322			40.3	Station 54 seawater, depth 40.3m	ERC000027	marine biome	marine water body	seawater	water	2017-10-11				23:04:14		UNIVERSITY OF ALASKA FAIRBANKS	UNIVERSITY OF ALASKA FAIRBANKS	public			76.5011	-149.5091	Arctic Ocean			NPL022	29.0736			GEOTRACES ARCTIC 2015	CGC Healy	54				ERS1972438	-1.0737	Station 54 seawater, depth 40.3m
12		SAMEA104347459	KD108.12012_170407			19.7	Station 54 seawater, depth 19.7m	ERC000027	marine biome	marine water body	seawater	water	2017-10-11				23:04:14		UNIVERSITY OF ALASKA FAIRBANKS	UNIVERSITY OF ALASKA FAIRBANKS	public			76.5011	-149.5091	Arctic Ocean			NPL022	26.3739			GEOTRACES ARCTIC 2015	CGC Healy	54				ERS1972437	-1.2163	Station 54 seawater, depth 19.7m
13		SAMEA104347458	KD108.12012_170322			19.7	Station 54 seawater, depth 19.7m	ERC000027	marine biome	marine water body	seawater	water	2017-10-11				23:04:14		UNIVERSITY OF ALASKA FAIRBANKS	UNIVERSITY OF ALASKA FAIRBANKS	public			76.5011	-149.5091	Arctic Ocean			NPL022	26.3739			GEOTRACES ARCTIC 2015	CGC Healy	54				ERS1972436	-1.2163	Station 54 seawater, depth 19.7m
14		SAMEA104347457	KD108.12005_170407			60.7	Station 54 seawater, depth 60.7m	ERC000027	marine biome	marine water body	seawater	water	2017-10-11				23:04:14		UNIVERSITY OF ALASKA FAIRBANKS	UNIVERSITY OF ALASKA FAIRBANKS	public			76.5011	-149.5091	Arctic Ocean			NPL022	30.5861			GEOTRACES ARCTIC 2015	CGC Healy	54				ERS1972435	-0.2635	Station 54 seawater, depth 60.7m
15		SAMEA104347456	KD108.12005_170322			60.7	Station 54 seawater, depth 60.7m	ERC000027	marine biome	marine water body	seawater	water	2017-10-11				23:04:14		UNIVERSITY OF ALASKA FAIRBANKS	UNIVERSITY OF ALASKA FAIRBANKS	public			76.5011	-149.5091	Arctic Ocean			NPL022	30.5861			GEOTRACES ARCTIC 2015	CGC Healy	54				ERS1972434	-0.2635	Station 54 seawater, depth 60.7m
16		SAMEA104347455	KD107_170407			1	Station 54 seawater, depth 1m	ERC000027	marine biome	marine water body	seawater	water	2017-10-11				23:04:14		UNIVERSITY OF ALASKA FAIRBANKS	UNIVERSITY OF ALASKA FAIRBANKS	public			76.5011	-149.5091	Arctic Ocean			NPL022	32.7823			GEOTRACES ARCTIC 2015	CGC Healy	54				ERS1972433	-1.2598	Station 54 seawater, depth 1m
17		SAMEA104347454	KD107_170322			1	Station 54 seawater, depth 1m	ERC000027	marine biome	marine water body	seawater	water	2017-10-11				23:04:14		UNIVERSITY OF ALASKA FAIRBANKS	UNIVERSITY OF ALASKA FAIRBANKS	public			76.5011	-149.5091	Arctic Ocean			NPL022	32.7823			GEOTRACES ARCTIC 2015	CGC Healy	54				ERS1972432	-1.2598	Station 54 seawater, depth 1m
18		SAMEA104347453	KD105_170407			40.7	Station 53 seawater, depth 40.7m	ERC000027	marine biome	marine water body	seawater	water	2017-10-11				23:04:14		UNIVERSITY OF ALASKA FAIRBANKS	UNIVERSITY OF ALASKA FAIRBANKS	public			77.0066	-148.8366	Arctic Ocean			NPL022	29.2444			GEOTRACES ARCTIC 2015	CGC Healy	53				ERS1972431	-0.6026	Station 53 seawater, depth 40.7m
19		SAMEA104347452	KD105_170322			40.7	Station 53 seawater, depth 40.7m	ERC000027	marine biome	marine water body	seawater	water	2017-10-11				23:04:14		UNIVERSITY OF ALASKA FAIRBANKS	UNIVERSITY OF ALASKA FAIRBANKS	public			77.0066	-148.8366	Arctic Ocean			NPL022	29.2444			GEOTRACES ARCTIC 2015	CGC Healy	53				ERS1972430	-0.6026	Station 53 seawater, depth 40.7m
20		SAMEA104347451	KD104_170407			65.4	Station 53 seawater, depth 65.4m	ERC000027	marine biome	marine water body	seawater	water	2017-10-11				23:04:14		UNIVERSITY OF ALASKA FAIRBANKS	UNIVERSITY OF ALASKA FAIRBANKS	public			77.0066	-148.8366	Arctic Ocean			NPL022	31.2036			GEOTRACES ARCTIC 2015	CGC Healy	53				ERS1972429	-0.1424	Station 53 seawater, depth 65.4m
21		SAMEA104347450	KD104_170322			65.4	Station 53 seawater, depth 65.4m	ERC000027	marine biome	marine water body	seawater	water	2017-10-11				23:04:14		UNIVERSITY OF ALASKA FAIRBANKS	UNIVERSITY OF ALASKA FAIRBANKS	public			77.0066	-148.8366	Arctic Ocean			NPL022	31.2036			GEOTRACES ARCTIC 2015	CGC Healy	53				ERS1972428	-0.1424	Station 53 seawater, depth 65.4m
22		SAMEA104347449	KD103_170407			20.3	Station 53 seawater, depth 20.3m	ERC000027	marine biome	marine water body	seawater	water	2017-10-11				23:04:14		UNIVERSITY OF ALASKA FAIRBANKS	UNIVERSITY OF ALASKA FAIRBANKS	public			77.0066	-148.8366	Arctic Ocean			NPL022	28.1046			GEOTRACES ARCTIC 2015	CGC Healy	53				ERS1972427	-0.5762	Station 53 seawater, depth 20.3m
23		SAMEA104347448	KD103_170322			20.3	Station 53 seawater, depth 20.3m	ERC000027	marine biome	marine water body	seawater	water	2017-10-11				23:04:14		UNIVERSITY OF ALASKA FAIRBANKS	UNIVERSITY OF ALASKA FAIRBANKS	public			77.0066	-148.8366	Arctic Ocean			NPL022	28.1046			GEOTRACES ARCTIC 2015	CGC Healy	53				ERS1972426	-0.5762	Station 53 seawater, depth 20.3m
24		SAMEA104347447	KD101_170407			1	Station 52 seawater, depth 1m	ERC000027	marine biome	marine water body	seawater	water	2017-10-11				23:04:14		UNIVERSITY OF ALASKA FAIRBANKS	UNIVERSITY OF ALASKA FAIRBANKS	public			77.4476	-147.8711	Arctic Ocean			NPL022	35.2157			GEOTRACES ARCTIC 2015	CGC Healy	52				ERS1972425	0.5837	Station 52 seawater, depth 1m
25		SAMEA104347446	KD101_170322			1	Station 52 seawater, depth 1m	ERC000027	marine biome	marine water body	seawater	water	2017-10-11				23:04:14		UNIVERSITY OF ALASKA FAIRBANKS	UNIVERSITY OF ALASKA FAIRBANKS	public			77.4476	-147.8711	Arctic Ocean			NPL022	35.2157			GEOTRACES ARCTIC 2015	CGC Healy	52				ERS1972424	0.5837	Station 52 seawater, depth 1m
26		SAMEA104347445	KD097_170407			1	Station 51 seawater, depth 1m	ERC000027	marine biome	marine water body	seawater	water	2017-10-11				23:04:14		UNIVERSITY OF ALASKA FAIRBANKS	UNIVERSITY OF ALASKA FAIRBANKS	public			78.1655	-147.8611	Arctic Ocean			NPL022	27.7279			GEOTRACES ARCTIC 2015	CGC Healy	51				ERS1972423	-1.48	Station 51 seawater, depth 1m
27		SAMEA104347444	KD097_170322			1	Station 51 seawater, depth 1m	ERC000027	marine biome	marine water body	seawater	water	2017-10-11				23:04:14		UNIVERSITY OF ALASKA FAIRBANKS	UNIVERSITY OF ALASKA FAIRBANKS	public			78.1655	-147.8611	Arctic Ocean			NPL022	27.7279			GEOTRACES ARCTIC 2015	CGC Healy	51				ERS1972422	-1.48	Station 51 seawater, depth 1m
28		SAMEA104347443	KD091_170407			0.1	Station 46 sea ice, depth 0.1m	ERC000027	marine biome	marine water body	sea ice	water	2017-10-18				16:26:01		UNIVERSITY OF ALASKA FAIRBANKS	UNIVERSITY OF ALASKA FAIRBANKS	public			82.50385	-149.7905	Arctic Ocean			NPL022	-999			GEOTRACES ARCTIC 2015	CGC Healy	46				ERS1972421	-999	Station 46 sea ice, depth 0.1m
29		SAMEA104347442	KD091_170322			0.1	Station 46 sea ice, depth 0.1m	ERC000027	marine biome	marine water body	sea ice	water	2017-10-11				23:04:13		UNIVERSITY OF ALASKA FAIRBANKS	UNIVERSITY OF ALASKA FAIRBANKS	public			82.50385	-149.7905	Arctic Ocean			NPL022	-999			GEOTRACES ARCTIC 2015	CGC Healy	46				ERS1972420	-999	Station 46 sea ice, depth 0.1m
30		SAMEA104347441	KD090_170407			0.3	Station 46 sea ice, depth 0.3m	ERC000027	marine biome	marine water body	sea ice	water	2017-10-11				23:04:13		UNIVERSITY OF ALASKA FAIRBANKS	UNIVERSITY OF ALASKA FAIRBANKS	public			82.50385	-149.7905	Arctic Ocean			NPL022	-999			GEOTRACES ARCTIC 2015	CGC Healy	46				ERS1972419	-999	Station 46 sea ice, depth 0.3m
31		SAMEA104347440	KD090_170322			0.3	Station 46 sea ice, depth 0.3m	ERC000027	marine biome	marine water body	sea ice	water	2017-10-11				23:04:13		UNIVERSITY OF ALASKA FAIRBANKS	UNIVERSITY OF ALASKA FAIRBANKS	public			82.50385	-149.7905	Arctic Ocean			NPL022	-999			GEOTRACES ARCTIC 2015	CGC Healy	46				ERS1972418	-999	Station 46 sea ice, depth 0.3m
32		SAMEA104347439	KD089_170407			0.5	Station 46 sea ice, depth 0.5m	ERC000027	marine biome	marine water body	sea ice	water	2017-10-11				23:04:13		UNIVERSITY OF ALASKA FAIRBANKS	UNIVERSITY OF ALASKA FAIRBANKS	public			82.50385	-149.7905	Arctic Ocean			NPL022	-999			GEOTRACES ARCTIC 2015	CGC Healy	46				ERS1972417	-999	Station 46 sea ice, depth 0.5m
33		SAMEA104347438	KD089_170322			0.5	Station 46 sea ice, depth 0.5m	ERC000027	marine biome	marine water body	sea ice	water	2017-10-11				23:04:13		UNIVERSITY OF ALASKA FAIRBANKS	UNIVERSITY OF ALASKA FAIRBANKS	public			82.50385	-149.7905	Arctic Ocean			NPL022	-999			GEOTRACES ARCTIC 2015	CGC Healy	46				ERS1972416	-999	Station 46 sea ice, depth 0.5m
34		SAMEA104347437	KD088_170407			0.7	Station 46 sea ice, depth 0.7m	ERC000027	marine biome	marine water body	sea ice	water	2017-10-11				23:04:13		UNIVERSITY OF ALASKA FAIRBANKS	UNIVERSITY OF ALASKA FAIRBANKS	public			82.50385	-149.7905	Arctic Ocean			NPL022	-999			GEOTRACES ARCTIC 2015	CGC Healy	46				ERS1972415	-999	Station 46 sea ice, depth 0.7m
35		SAMEA104347436	KD088_170322			0.7	Station 46 sea ice, depth 0.7m	ERC000027	marine biome	marine water body	sea ice	water	2017-10-11				23:04:13		UNIVERSITY OF ALASKA FAIRBANKS	UNIVERSITY OF ALASKA FAIRBANKS	public			82.50385	-149.7905	Arctic Ocean			NPL022	-999			GEOTRACES ARCTIC 2015	CGC Healy	46				ERS1972414	-999	Station 46 sea ice, depth 0.7m
36		SAMEA104347435	KD085_170407			5	Station 46 seawater, depth 5m	ERC000027	marine biome	marine water body	seawater	water	2017-10-11				23:04:13		UNIVERSITY OF ALASKA FAIRBANKS	UNIVERSITY OF ALASKA FAIRBANKS	public			82.50385	-149.7905	Arctic Ocean			NPL022	-999			GEOTRACES ARCTIC 2015	CGC Healy	46				ERS1972413	-999	Station 46 seawater, depth 5m
37		SAMEA104347434	KD085_170322			5	Station 46 seawater, depth 5m	ERC000027	marine biome	marine water body	seawater	water	2017-10-11				23:04:13		UNIVERSITY OF ALASKA FAIRBANKS	UNIVERSITY OF ALASKA FAIRBANKS	public			82.50385	-149.7905	Arctic Ocean			NPL022	-999			GEOTRACES ARCTIC 2015	CGC Healy	46				ERS1972412	-999	Station 46 seawater, depth 5m
38		SAMEA104347433	KD084_170407			1	Station 46 seawater, depth 1m	ERC000027	marine biome	marine water body	seawater	water	2017-10-11				23:04:13		UNIVERSITY OF ALASKA FAIRBANKS	UNIVERSITY OF ALASKA FAIRBANKS	public			82.50385	-149.7905	Arctic Ocean			NPL022	-999			GEOTRACES ARCTIC 2015	CGC Healy	46				ERS1972411	-999	Station 46 seawater, depth 1m
39		SAMEA104347432	KD084_170322			1	Station 46 seawater, depth 1m	ERC000027	marine biome	marine water body	seawater	water	2017-10-11				23:04:13		UNIVERSITY OF ALASKA FAIRBANKS	UNIVERSITY OF ALASKA FAIRBANKS	public			82.50385	-149.7905	Arctic Ocean			NPL022	-999			GEOTRACES ARCTIC 2015	CGC Healy	46				ERS1972410	-999	Station 46 seawater, depth 1m
40		SAMEA104347431	KD083_170407			0	Station 46 melt pond, depth 0m	ERC000027	marine biome	marine water body	melt pond	water	2017-10-11				23:04:13		UNIVERSITY OF ALASKA FAIRBANKS	UNIVERSITY OF ALASKA FAIRBANKS	public			82.50385	-149.7905	Arctic Ocean			NPL022	-999			GEOTRACES ARCTIC 2015	CGC Healy	46				ERS1972409	-999	Station 46 melt pond, depth 0m
41		SAMEA104347430	KD083_170322			0	Station 46 melt pond, depth 0m	ERC000027	marine biome	marine water body	melt pond	water	2017-10-11				23:04:13		UNIVERSITY OF ALASKA FAIRBANKS	UNIVERSITY OF ALASKA FAIRBANKS	public			82.50385	-149.7905	Arctic Ocean			NPL022	-999			GEOTRACES ARCTIC 2015	CGC Healy	46				ERS1972408	-999	Station 46 melt pond, depth 0m
42		SAMEA104347429	KD060A_170407			0.5	Station 43 sea ice, depth 0.5m	ERC000027	marine biome	marine water body	sea ice	water	2017-10-11				23:04:13		UNIVERSITY OF ALASKA FAIRBANKS	UNIVERSITY OF ALASKA FAIRBANKS	public			85.16033333	-149.9722667	Arctic Ocean			NPL022	-999			GEOTRACES ARCTIC 2015	CGC Healy	43				ERS1972407	-999	Station 43 sea ice, depth 0.5m
43		SAMEA104347428	KD060A_170322			0.5	Station 43 sea ice, depth 0.5m	ERC000027	marine biome	marine water body	sea ice	water	2017-10-11				23:04:13		UNIVERSITY OF ALASKA FAIRBANKS	UNIVERSITY OF ALASKA FAIRBANKS	public			85.16033333	-149.9722667	Arctic Ocean			NPL022	-999			GEOTRACES ARCTIC 2015	CGC Healy	43				ERS1972406	-999	Station 43 sea ice, depth 0.5m
44		SAMEA104347427	KD058_170407			1.3	Station 43 sea ice, depth 1.3m	ERC000027	marine biome	marine water body	sea ice	water	2017-10-11				23:04:13		UNIVERSITY OF ALASKA FAIRBANKS	UNIVERSITY OF ALASKA FAIRBANKS	public			85.16033333	-149.9722667	Arctic Ocean			NPL022	-999			GEOTRACES ARCTIC 2015	CGC Healy	43				ERS1972405	-999	Station 43 sea ice, depth 1.3m
45		SAMEA104347426	KD058_170322			1.3	Station 43 sea ice, depth 1.3m	ERC000027	marine biome	marine water body	sea ice	water	2017-10-11				23:04:13		UNIVERSITY OF ALASKA FAIRBANKS	UNIVERSITY OF ALASKA FAIRBANKS	public			85.16033333	-149.9722667	Arctic Ocean			NPL022	-999			GEOTRACES ARCTIC 2015	CGC Healy	43				ERS1972404	-999	Station 43 sea ice, depth 1.3m
46		SAMEA104347425	KD057_170407			1.5	Station 43 sea ice, depth 1.5m	ERC000027	marine biome	marine water body	sea ice	water	2017-10-11				23:04:13		UNIVERSITY OF ALASKA FAIRBANKS	UNIVERSITY OF ALASKA FAIRBANKS	public			85.16033333	-149.9722667	Arctic Ocean			NPL022	-999			GEOTRACES ARCTIC 2015	CGC Healy	43				ERS1972403	-999	Station 43 sea ice, depth 1.5m
47		SAMEA104347424	KD057_170322			1.5	Station 43 sea ice, depth 1.5m	ERC000027	marine biome	marine water body	sea ice	water	2017-10-11				23:04:13		UNIVERSITY OF ALASKA FAIRBANKS	UNIVERSITY OF ALASKA FAIRBANKS	public			85.16033333	-149.9722667	Arctic Ocean			NPL022	-999			GEOTRACES ARCTIC 2015	CGC Healy	43				ERS1972402	-999	Station 43 sea ice, depth 1.5m
48		SAMEA104347423	KD056_170407			0.7	Station 43 sea ice, depth 0.7m	ERC000027	marine biome	marine water body	sea ice	water	2017-10-11				23:04:13		UNIVERSITY OF ALASKA FAIRBANKS	UNIVERSITY OF ALASKA FAIRBANKS	public			85.16033333	-149.9722667	Arctic Ocean			NPL022	-999			GEOTRACES ARCTIC 2015	CGC Healy	43				ERS1972401	-999	Station 43 sea ice, depth 0.7m
49		SAMEA104347422	KD056_170322			0.7	Station 43 sea ice, depth 0.7m	ERC000027	marine biome	marine water body	sea ice	water	2017-10-11				23:04:13		UNIVERSITY OF ALASKA FAIRBANKS	UNIVERSITY OF ALASKA FAIRBANKS	public			85.16033333	-149.9722667	Arctic Ocean			NPL022	-999			GEOTRACES ARCTIC 2015	CGC Healy	43				ERS1972400	-999	Station 43 sea ice, depth 0.7m
50		SAMEA104347421	KD055_170407			0.1	Station 43 sea ice, depth 0.1m	ERC000027	marine biome	marine water body	sea ice	water	2017-10-11				23:04:13		UNIVERSITY OF ALASKA FAIRBANKS	UNIVERSITY OF ALASKA FAIRBANKS	public			85.16033333	-149.9722667	Arctic Ocean			NPL022	-999			GEOTRACES ARCTIC 2015	CGC Healy	43				ERS1972399	-999	Station 43 sea ice, depth 0.1m
51		SAMEA104347420	KD055_170322			0.1	Station 43 sea ice, depth 0.1m	ERC000027	marine biome	marine water body	sea ice	water	2017-10-11				23:04:13		UNIVERSITY OF ALASKA FAIRBANKS	UNIVERSITY OF ALASKA FAIRBANKS	public			85.16033333	-149.9722667	Arctic Ocean			NPL022	-999			GEOTRACES ARCTIC 2015	CGC Healy	43				ERS1972398	-999	Station 43 sea ice, depth 0.1m
52		SAMEA104347419	KD042_170407			0.3	Station 42 sea ice, depth 0.3m	ERC000027	marine biome	marine water body	sea ice	water	2017-10-11				23:04:13		UNIVERSITY OF ALASKA FAIRBANKS	UNIVERSITY OF ALASKA FAIRBANKS	public			85	-150	Arctic Ocean			NPL022	-999			GEOTRACES ARCTIC 2015	CGC Healy	42				ERS1972397	-999	Station 42 sea ice, depth 0.3m
53		SAMEA104347418	KD042_170322			0.3	Station 42 sea ice, depth 0.3m	ERC000027	marine biome	marine water body	sea ice	water	2017-10-11				23:04:13		UNIVERSITY OF ALASKA FAIRBANKS	UNIVERSITY OF ALASKA FAIRBANKS	public			85	-150	Arctic Ocean			NPL022	-999			GEOTRACES ARCTIC 2015	CGC Healy	42				ERS1972396	-999	Station 42 sea ice, depth 0.3m
54		SAMEA104347417	KD040_170407			0.5	Station 42 sea ice, depth 0.5m	ERC000027	marine biome	marine water body	sea ice	water	2017-10-11				23:04:13		UNIVERSITY OF ALASKA FAIRBANKS	UNIVERSITY OF ALASKA FAIRBANKS	public			85	-150	Arctic Ocean			NPL022	-999			GEOTRACES ARCTIC 2015	CGC Healy	42				ERS1972395	-999	Station 42 sea ice, depth 0.5m
55		SAMEA104347416	KD040_170322			0.5	Station 42 sea ice, depth 0.5m	ERC000027	marine biome	marine water body	sea ice	water	2017-10-11				23:04:13		UNIVERSITY OF ALASKA FAIRBANKS	UNIVERSITY OF ALASKA FAIRBANKS	public			85	-150	Arctic Ocean			NPL022	-999			GEOTRACES ARCTIC 2015	CGC Healy	42				ERS1972394	-999	Station 42 sea ice, depth 0.5m
56		SAMEA104347415	KD025_170407			1	Station 39 seawater, depth 1m	ERC000027	marine biome	marine water body	seawater	water	2017-10-11				23:04:13		UNIVERSITY OF ALASKA FAIRBANKS	UNIVERSITY OF ALASKA FAIRBANKS	public			87.77201667	-148.8943333	Arctic Ocean			NPL022	-999			GEOTRACES ARCTIC 2015	CGC Healy	39				ERS1972393	-999	Station 39 seawater, depth 1m
57		SAMEA104347414	KD025_170322			1	Station 39 seawater, depth 1m	ERC000027	marine biome	marine water body	seawater	water	2017-10-11				23:04:13		UNIVERSITY OF ALASKA FAIRBANKS	UNIVERSITY OF ALASKA FAIRBANKS	public			87.77201667	-148.8943333	Arctic Ocean			NPL022	-999			GEOTRACES ARCTIC 2015	CGC Healy	39				ERS1972392	-999	Station 39 seawater, depth 1m
58		SAMEA104347413	KD021_170407			0.1	Station 33 sea ice, depth 0.1m	ERC000027	marine biome	marine water body	sea ice	water	2017-10-11				23:04:13		UNIVERSITY OF ALASKA FAIRBANKS	UNIVERSITY OF ALASKA FAIRBANKS	public			89.99033333	-89.2525	Arctic Ocean			NPL022	-999			GEOTRACES ARCTIC 2015	CGC Healy	33				ERS1972391	-999	Station 33 sea ice, depth 0.1m
59		SAMEA104347412	KD021_170322			0.1	Station 33 sea ice, depth 0.1m	ERC000027	marine biome	marine water body	sea ice	water	2017-10-11				23:04:13		UNIVERSITY OF ALASKA FAIRBANKS	UNIVERSITY OF ALASKA FAIRBANKS	public			89.99033333	-89.2525	Arctic Ocean			NPL022	-999			GEOTRACES ARCTIC 2015	CGC Healy	33				ERS1972390	-999	Station 33 sea ice, depth 0.1m
60		SAMEA104347411	KD020_170407			0.9	Station 33 sea ice, depth 0.9m	ERC000027	marine biome	marine water body	sea ice	water	2017-10-11				23:04:13		UNIVERSITY OF ALASKA FAIRBANKS	UNIVERSITY OF ALASKA FAIRBANKS	public			89.99033333	-89.2525	Arctic Ocean			NPL022	-999			GEOTRACES ARCTIC 2015	CGC Healy	33				ERS1972389	-999	Station 33 sea ice, depth 0.9m
61		SAMEA104347410	KD020_170322			0.9	Station 33 sea ice, depth 0.9m	ERC000027	marine biome	marine water body	sea ice	water	2017-10-11				23:04:13		UNIVERSITY OF ALASKA FAIRBANKS	UNIVERSITY OF ALASKA FAIRBANKS	public			89.99033333	-89.2525	Arctic Ocean			NPL022	-999			GEOTRACES ARCTIC 2015	CGC Healy	33				ERS1972388	-999	Station 33 sea ice, depth 0.9m
62		SAMEA104347409	KD016_170407			0.7	Station 33 sea ice, depth 0.7m	ERC000027	marine biome	marine water body	sea ice	water	2017-10-11				23:04:12		UNIVERSITY OF ALASKA FAIRBANKS	UNIVERSITY OF ALASKA FAIRBANKS	public			89.99033333	-89.2525	Arctic Ocean			NPL022	-999			GEOTRACES ARCTIC 2015	CGC Healy	33				ERS1972387	-999	Station 33 sea ice, depth 0.7m
63		SAMEA104347408	KD016_170322			0.7	Station 33 sea ice, depth 0.7m	ERC000027	marine biome	marine water body	sea ice	water	2017-10-11				23:04:12		UNIVERSITY OF ALASKA FAIRBANKS	UNIVERSITY OF ALASKA FAIRBANKS	public			89.99033333	-89.2525	Arctic Ocean			NPL022	-999			GEOTRACES ARCTIC 2015	CGC Healy	33				ERS1972386	-999	Station 33 sea ice, depth 0.7m
64		SAMEA104347407	KD015_170407			0.5	Station 33 sea ice, depth 0.5m	ERC000027	marine biome	marine water body	sea ice	water	2017-10-11				23:04:12		UNIVERSITY OF ALASKA FAIRBANKS	UNIVERSITY OF ALASKA FAIRBANKS	public			89.99033333	-89.2525	Arctic Ocean			NPL022	-999			GEOTRACES ARCTIC 2015	CGC Healy	33				ERS1972385	-999	Station 33 sea ice, depth 0.5m
65		SAMEA104347406	KD015_170322			0.5	Station 33 sea ice, depth 0.5m	ERC000027	marine biome	marine water body	sea ice	water	2017-10-11				23:04:12		UNIVERSITY OF ALASKA FAIRBANKS	UNIVERSITY OF ALASKA FAIRBANKS	public			89.99033333	-89.2525	Arctic Ocean			NPL022	-999			GEOTRACES ARCTIC 2015	CGC Healy	33				ERS1972384	-999	Station 33 sea ice, depth 0.5m
66		SAMEA104347405	KD012_170407			0.7	Station 31 sea ice, depth 0.7m	ERC000027	marine biome	marine water body	sea ice	water	2017-10-11				23:04:12		UNIVERSITY OF ALASKA FAIRBANKS	UNIVERSITY OF ALASKA FAIRBANKS	public			88.4072	-176.7614333	Arctic Ocean			NPL022	-999			GEOTRACES ARCTIC 2015	CGC Healy	31				ERS1972383	-999	Station 31 sea ice, depth 0.7m
67		SAMEA104347404	KD012_170322			0.7	Station 31 sea ice, depth 0.7m	ERC000027	marine biome	marine water body	sea ice	water	2017-10-11				23:04:12		UNIVERSITY OF ALASKA FAIRBANKS	UNIVERSITY OF ALASKA FAIRBANKS	public			88.4072	-176.7614333	Arctic Ocean			NPL022	-999			GEOTRACES ARCTIC 2015	CGC Healy	31				ERS1972382	-999	Station 31 sea ice, depth 0.7m
68		SAMEA104347403	KD011_170407			1.5	Station 31 sea ice, depth 1.5m	ERC000027	marine biome	marine water body	sea ice	water	2017-10-11				23:04:12		UNIVERSITY OF ALASKA FAIRBANKS	UNIVERSITY OF ALASKA FAIRBANKS	public			88.4072	-176.7614333	Arctic Ocean			NPL022	-999			GEOTRACES ARCTIC 2015	CGC Healy	31				ERS1972381	-999	Station 31 sea ice, depth 1.5m
69		SAMEA104347402	KD011_170322			1.5	Station 31 sea ice, depth 1.5m	ERC000027	marine biome	marine water body	sea ice	water	2017-10-11				23:04:12		UNIVERSITY OF ALASKA FAIRBANKS	UNIVERSITY OF ALASKA FAIRBANKS	public			88.4072	-176.7614333	Arctic Ocean			NPL022	-999			GEOTRACES ARCTIC 2015	CGC Healy	31				ERS1972380	-999	Station 31 sea ice, depth 1.5m
70		SAMEA104347401	KD009_170407			0.1	Station 31 sea ice, depth 0.1m	ERC000027	marine biome	marine water body	sea ice	water	2017-10-11				23:04:12		UNIVERSITY OF ALASKA FAIRBANKS	UNIVERSITY OF ALASKA FAIRBANKS	public			88.4072	-176.7614333	Arctic Ocean			NPL022	-999			GEOTRACES ARCTIC 2015	CGC Healy	31				ERS1972379	-999	Station 31 sea ice, depth 0.1m
71		SAMEA104347400	KD009_170322			0.1	Station 31 sea ice, depth 0.1m	ERC000027	marine biome	marine water body	sea ice	water	2017-10-11				23:04:12		UNIVERSITY OF ALASKA FAIRBANKS	UNIVERSITY OF ALASKA FAIRBANKS	public			88.4072	-176.7614333	Arctic Ocean			NPL022	-999			GEOTRACES ARCTIC 2015	CGC Healy	31				ERS1972378	-999	Station 31 sea ice, depth 0.1m
72		SAMEA104347399	KD007_170407			0.5	Station 31 sea ice, depth 0.5m	ERC000027	marine biome	marine water body	sea ice	water	2017-10-11				23:04:12		UNIVERSITY OF ALASKA FAIRBANKS	UNIVERSITY OF ALASKA FAIRBANKS	public			88.4072	-176.7614333	Arctic Ocean			NPL022	-999			GEOTRACES ARCTIC 2015	CGC Healy	31				ERS1972377	-999	Station 31 sea ice, depth 0.5m
73		SAMEA104347398	KD007_170322			0.5	Station 31 sea ice, depth 0.5m	ERC000027	marine biome	marine water body	sea ice	water	2017-10-11				23:04:12		UNIVERSITY OF ALASKA FAIRBANKS	UNIVERSITY OF ALASKA FAIRBANKS	public			88.4072	-176.7614333	Arctic Ocean			NPL022	-999			GEOTRACES ARCTIC 2015	CGC Healy	31				ERS1972376	-999	Station 31 sea ice, depth 0.5m
74		SAMEA104347397	KD001_170407			1	Station 14 seawater, depth 1m	ERC000027	marine biome	marine water body	seawater	water	2017-10-11				23:04:12		UNIVERSITY OF ALASKA FAIRBANKS	UNIVERSITY OF ALASKA FAIRBANKS	public			76.5357	-173.095	Arctic Ocean			NPL022	-999			GEOTRACES ARCTIC 2015	CGC Healy	14				ERS1972375	0.7776	Station 14 seawater, depth 1m
75		SAMEA104347396	KD001_170322			1	Station 14 seawater, depth 1m	ERC000027	marine biome	marine water body	seawater	water	2017-10-11				23:04:12		UNIVERSITY OF ALASKA FAIRBANKS	UNIVERSITY OF ALASKA FAIRBANKS	public			76.5357	-173.095	Arctic Ocean			NPL022	-999			GEOTRACES ARCTIC 2015	CGC Healy	14				ERS1972374	0.7776	Station 14 seawater, depth 1m
76		SAMEA104347395	30-9_170506			229	Station 30 seawater, depth 229m	ERC000027	marine biome	marine water body	seawater	water	2017-10-11				23:04:12		UNIVERSITY OF ALASKA FAIRBANKS	UNIVERSITY OF ALASKA FAIRBANKS	public			87.5856	-178.9268333	Arctic Ocean			NPLGFF	34.771			GEOTRACES ARCTIC 2015	CGC Healy	30				ERS1972373	0.6628	Station 30 seawater, depth 229m
77		SAMEA104347394	30-9_170427			229	Station 30 seawater, depth 229m	ERC000027	marine biome	marine water body	seawater	water	2017-10-11				23:04:12		UNIVERSITY OF ALASKA FAIRBANKS	UNIVERSITY OF ALASKA FAIRBANKS	public			87.5856	-178.9268333	Arctic Ocean			NPLGFF	34.771			GEOTRACES ARCTIC 2015	CGC Healy	30				ERS1972372	0.6628	Station 30 seawater, depth 229m
78		SAMEA104347393	30-8_170506			226	Station 30 seawater, depth 226m	ERC000027	marine biome	marine water body	seawater	water	2017-10-11				23:04:12		UNIVERSITY OF ALASKA FAIRBANKS	UNIVERSITY OF ALASKA FAIRBANKS	public			87.53011667	-179.99975	Arctic Ocean			NPLGFF	34.771			GEOTRACES ARCTIC 2015	CGC Healy	30				ERS1972371	0.6628	Station 30 seawater, depth 226m
79		SAMEA104347392	30-8_170427			226	Station 30 seawater, depth 226m	ERC000027	marine biome	marine water body	seawater	water	2017-10-11				23:04:12		UNIVERSITY OF ALASKA FAIRBANKS	UNIVERSITY OF ALASKA FAIRBANKS	public			87.53011667	-179.99975	Arctic Ocean			NPLGFF	34.771			GEOTRACES ARCTIC 2015	CGC Healy	30				ERS1972370	0.6628	Station 30 seawater, depth 226m
80		SAMEA104347391	30-7_170506			178	Station 30 seawater, depth 178m	ERC000027	marine biome	marine water body	seawater	water	2017-10-11				23:04:12			UNIVERSITY OF ALASKA FAIRBANKS	public			87.53011667	-179.99975	Arctic Ocean			NPLGFF	34.5354			GEOTRACES ARCTIC 2015	CGC Healy	30				ERS1972369	-0.0303	Station 30 seawater, depth 178m
81		SAMEA104347390	30-7_170427			178	Station 30 seawater, depth 178m	ERC000027	marine biome	marine water body	seawater	water	2017-10-11				23:04:12			UNIVERSITY OF ALASKA FAIRBANKS	public			87.53011667	-179.99975	Arctic Ocean			NPLGFF	34.5354			GEOTRACES ARCTIC 2015	CGC Healy	30				ERS1972368	-0.0303	Station 30 seawater, depth 178m
82		SAMEA104347389	30-6_170506			127	Station 30 seawater, depth 127m	ERC000027	marine biome	marine water body	seawater	water	2017-10-11				23:04:12		UNIVERSITY OF ALASKA FAIRBANKS	UNIVERSITY OF ALASKA FAIRBANKS	public			87.53011667	-179.99975	Arctic Ocean			NPLGFF	34.2478			GEOTRACES ARCTIC 2015	CGC Healy	30				ERS1972367	-1.0629	Station 30 seawater, depth 127m
83		SAMEA104347388	30-6_170427			127	Station 30 seawater, depth 127m	ERC000027	marine biome	marine water body	seawater	water	2017-10-11				23:04:12		UNIVERSITY OF ALASKA FAIRBANKS	UNIVERSITY OF ALASKA FAIRBANKS	public			87.53011667	-179.99975	Arctic Ocean			NPLGFF	34.2478			GEOTRACES ARCTIC 2015	CGC Healy	30				ERS1972366	-1.0629	Station 30 seawater, depth 127m
84		SAMEA104347387	30-5_170506			102	Station 30 seawater, depth 102m	ERC000027	marine biome	marine water body	seawater	water	2017-10-11				23:04:12		UNIVERSITY OF ALASKA FAIRBANKS	UNIVERSITY OF ALASKA FAIRBANKS	public			87.53011667	-179.99975	Arctic Ocean			NPLGFF	33.8665			GEOTRACES ARCTIC 2015	CGC Healy	30				ERS1972365	-1.4653	Station 30 seawater, depth 102m
85		SAMEA104347386	30-5_170427			102	Station 30 seawater, depth 102m	ERC000027	marine biome	marine water body	seawater	water	2017-10-11				23:04:12		UNIVERSITY OF ALASKA FAIRBANKS	UNIVERSITY OF ALASKA FAIRBANKS	public			87.53011667	-179.99975	Arctic Ocean			NPLGFF	33.8665			GEOTRACES ARCTIC 2015	CGC Healy	30				ERS1972364	-1.4653	Station 30 seawater, depth 102m
86		SAMEA104347385	30-4_170506			73	Station 30 seawater, depth 73m	ERC000027	marine biome	marine water body	seawater	water	2017-10-11				23:04:12		UNIVERSITY OF ALASKA FAIRBANKS	UNIVERSITY OF ALASKA FAIRBANKS	public			87.53011667	-179.99975	Arctic Ocean			NPLGFF	32.965			GEOTRACES ARCTIC 2015	CGC Healy	30				ERS1972363	-1.5275	Station 30 seawater, depth 73m
87		SAMEA104347384	30-4_170427			73	Station 30 seawater, depth 73m	ERC000027	marine biome	marine water body	seawater	water	2017-10-11				23:04:12		UNIVERSITY OF ALASKA FAIRBANKS	UNIVERSITY OF ALASKA FAIRBANKS	public			87.53011667	-179.99975	Arctic Ocean			NPLGFF	32.965			GEOTRACES ARCTIC 2015	CGC Healy	30				ERS1972362	-1.5275	Station 30 seawater, depth 73m
88		SAMEA104347383	30-3_170506			57	Station 30 seawater, depth 57m	ERC000027	marine biome	marine water body	seawater	water	2017-10-11				23:04:12		UNIVERSITY OF ALASKA FAIRBANKS	UNIVERSITY OF ALASKA FAIRBANKS	public			87.53011667	-179.99975	Arctic Ocean			NPLGFF	31.7561			GEOTRACES ARCTIC 2015	CGC Healy	30				ERS1972361	-1.3712	Station 30 seawater, depth 57m
89		SAMEA104347382	30-3_170427			57	Station 30 seawater, depth 57m	ERC000027	marine biome	marine water body	seawater	water	2017-10-11				23:04:12		UNIVERSITY OF ALASKA FAIRBANKS	UNIVERSITY OF ALASKA FAIRBANKS	public			87.53011667	-179.99975	Arctic Ocean			NPLGFF	31.7561			GEOTRACES ARCTIC 2015	CGC Healy	30				ERS1972360	-1.3712	Station 30 seawater, depth 57m
90		SAMEA104347381	30-2_170506			41	Station 30 seawater, depth 41m	ERC000027	marine biome	marine water body	seawater	water	2017-10-11				23:04:12		UNIVERSITY OF ALASKA FAIRBANKS	UNIVERSITY OF ALASKA FAIRBANKS	public			87.53011667	-179.99975	Arctic Ocean			NPLGFF	29.4104			GEOTRACES ARCTIC 2015	CGC Healy	30				ERS1972359	-1.2913	Station 30 seawater, depth 41m
91		SAMEA104347380	30-2_170427			41	Station 30 seawater, depth 41m	ERC000027	marine biome	marine water body	seawater	water	2017-10-11				23:04:12		UNIVERSITY OF ALASKA FAIRBANKS	UNIVERSITY OF ALASKA FAIRBANKS	public			87.53011667	-179.99975	Arctic Ocean			NPLGFF	29.4104			GEOTRACES ARCTIC 2015	CGC Healy	30				ERS1972358	-1.2913	Station 30 seawater, depth 41m
92		SAMEA104347379	30-18_170506			3902	Station 30 seawater, depth 3902m	ERC000027	marine biome	marine water body	seawater	water	2017-10-11				23:04:12		UNIVERSITY OF ALASKA FAIRBANKS	UNIVERSITY OF ALASKA FAIRBANKS	public			87.5856	-178.9268333	Arctic Ocean			NPLGFF	34.9598			GEOTRACES ARCTIC 2015	CGC Healy	30				ERS1972357	-0.2619	Station 30 seawater, depth 3902m
93		SAMEA104347378	30-18_170427			3902	Station 30 seawater, depth 3902m	ERC000027	marine biome	marine water body	seawater	water	2017-10-11				23:04:12		UNIVERSITY OF ALASKA FAIRBANKS	UNIVERSITY OF ALASKA FAIRBANKS	public			87.5856	-178.9268333	Arctic Ocean			NPLGFF	34.9598			GEOTRACES ARCTIC 2015	CGC Healy	30				ERS1972356	-0.2619	Station 30 seawater, depth 3902m
94		SAMEA104347377	30-17_170506			2389	Station 30 seawater, depth 2389m	ERC000027	marine biome	marine water body	seawater	water	2017-10-11				23:04:12		UNIVERSITY OF ALASKA FAIRBANKS	UNIVERSITY OF ALASKA FAIRBANKS	public			87.5856	-178.9268333	Arctic Ocean			NPLGFF	34.9583			GEOTRACES ARCTIC 2015	CGC Healy	30				ERS1972355	-0.3856	Station 30 seawater, depth 2389m
95		SAMEA104347376	30-17_170427			2389	Station 30 seawater, depth 2389m	ERC000027	marine biome	marine water body	seawater	water	2017-10-11				23:04:12		UNIVERSITY OF ALASKA FAIRBANKS	UNIVERSITY OF ALASKA FAIRBANKS	public			87.5856	-178.9268333	Arctic Ocean			NPLGFF	34.9583			GEOTRACES ARCTIC 2015	CGC Healy	30				ERS1972354	-0.3856	Station 30 seawater, depth 2389m
96		SAMEA104347375	30-16_170506			1905	Station 30 seawater, depth 1905m	ERC000027	marine biome	marine water body	seawater	water	2017-10-11				23:04:11		UNIVERSITY OF ALASKA FAIRBANKS	UNIVERSITY OF ALASKA FAIRBANKS	public			87.5856	-178.9268333	Arctic Ocean			NPLGFF	34.9492			GEOTRACES ARCTIC 2015	CGC Healy	30				ERS1972353	-0.4048	Station 30 seawater, depth 1905m
97		SAMEA104347374	30-16_170427			1905	Station 30 seawater, depth 1905m	ERC000027	marine biome	marine water body	seawater	water	2017-10-11				23:04:11		UNIVERSITY OF ALASKA FAIRBANKS	UNIVERSITY OF ALASKA FAIRBANKS	public			87.5856	-178.9268333	Arctic Ocean			NPLGFF	34.9492			GEOTRACES ARCTIC 2015	CGC Healy	30				ERS1972352	-0.4048	Station 30 seawater, depth 1905m
98		SAMEA104347373	30-15_170506			1403	Station 30 seawater, depth 1403m	ERC000027	marine biome	marine water body	seawater	water	2017-10-11				23:04:11		UNIVERSITY OF ALASKA FAIRBANKS	UNIVERSITY OF ALASKA FAIRBANKS	public			87.5856	-178.9268333	Arctic Ocean			NPLGFF	34.922			GEOTRACES ARCTIC 2015	CGC Healy	30				ERS1972351	-0.3457	Station 30 seawater, depth 1403m
99		SAMEA104347372	30-15_170427			1403	Station 30 seawater, depth 1403m	ERC000027	marine biome	marine water body	seawater	water	2017-10-11				23:04:11		UNIVERSITY OF ALASKA FAIRBANKS	UNIVERSITY OF ALASKA FAIRBANKS	public			87.5856	-178.9268333	Arctic Ocean			NPLGFF	34.922			GEOTRACES ARCTIC 2015	CGC Healy	30				ERS1972350	-0.3457	Station 30 seawater, depth 1403m
100		SAMEA104347371	30-14_170506			1002	Station 30 seawater, depth 1002m	ERC000027	marine biome	marine water body	seawater	water	2017-10-11				23:04:11		UNIVERSITY OF ALASKA FAIRBANKS	UNIVERSITY OF ALASKA FAIRBANKS	public			87.5856	-178.9268333	Arctic Ocean			NPLGFF	34.8908			GEOTRACES ARCTIC 2015	CGC Healy	30				ERS1972349	-0.1749	Station 30 seawater, depth 1002m
101		SAMEA104347370	30-14_170427			1002	Station 30 seawater, depth 1002m	ERC000027	marine biome	marine water body	seawater	water	2017-10-11				23:04:11		UNIVERSITY OF ALASKA FAIRBANKS	UNIVERSITY OF ALASKA FAIRBANKS	public			87.5856	-178.9268333	Arctic Ocean			NPLGFF	34.8908			GEOTRACES ARCTIC 2015	CGC Healy	30				ERS1972348	-0.1749	Station 30 seawater, depth 1002m
102		SAMEA104347369	30-13_170506			802	Station 30 seawater, depth 802m	ERC000027	marine biome	marine water body	seawater	water	2017-10-11				23:04:11		UNIVERSITY OF ALASKA FAIRBANKS	UNIVERSITY OF ALASKA FAIRBANKS	public			87.5856	-178.9268333	Arctic Ocean			NPLGFF	34.8778			GEOTRACES ARCTIC 2015	CGC Healy	30				ERS1972347	0.0097	Station 30 seawater, depth 802m
103		SAMEA104347368	30-13_170427			802	Station 30 seawater, depth 802m	ERC000027	marine biome	marine water body	seawater	water	2017-10-11				23:04:11		UNIVERSITY OF ALASKA FAIRBANKS	UNIVERSITY OF ALASKA FAIRBANKS	public			87.5856	-178.9268333	Arctic Ocean			NPLGFF	34.8778			GEOTRACES ARCTIC 2015	CGC Healy	30				ERS1972346	0.0097	Station 30 seawater, depth 802m
104		SAMEA104347367	30-12_170506			501	Station 30 seawater, depth 501m	ERC000027	marine biome	marine water body	seawater	water	2017-10-11				23:04:11		UNIVERSITY OF ALASKA FAIRBANKS	UNIVERSITY OF ALASKA FAIRBANKS	public			87.5856	-178.9268333	Arctic Ocean			NPLGFF	34.8688			GEOTRACES ARCTIC 2015	CGC Healy	30				ERS1972345	0.5809	Station 30 seawater, depth 501m
105		SAMEA104347366	30-12_170427			501	Station 30 seawater, depth 501m	ERC000027	marine biome	marine water body	seawater	water	2017-10-11				23:04:11		UNIVERSITY OF ALASKA FAIRBANKS	UNIVERSITY OF ALASKA FAIRBANKS	public			87.5856	-178.9268333	Arctic Ocean			NPLGFF	34.8688			GEOTRACES ARCTIC 2015	CGC Healy	30				ERS1972344	0.5809	Station 30 seawater, depth 501m
106		SAMEA104347365	30-11_170506			376	Station 30 seawater, depth 376m	ERC000027	marine biome	marine water body	seawater	water	2017-10-11				23:04:11		UNIVERSITY OF ALASKA FAIRBANKS	UNIVERSITY OF ALASKA FAIRBANKS	public			87.5856	-178.9268333	Arctic Ocean			NPLGFF	34.8671			GEOTRACES ARCTIC 2015	CGC Healy	30				ERS1972343	0.8959	Station 30 seawater, depth 376m
107		SAMEA104347364	30-11_170427			376	Station 30 seawater, depth 376m	ERC000027	marine biome	marine water body	seawater	water	2017-10-11				23:04:11		UNIVERSITY OF ALASKA FAIRBANKS	UNIVERSITY OF ALASKA FAIRBANKS	public			87.5856	-178.9268333	Arctic Ocean			NPLGFF	34.8671			GEOTRACES ARCTIC 2015	CGC Healy	30				ERS1972342	0.8959	Station 30 seawater, depth 376m
108		SAMEA104347363	30-10_170506			261	Station 30 seawater, depth 261m	ERC000027	marine biome	marine water body	seawater	water	2017-10-11				23:04:11		UNIVERSITY OF ALASKA FAIRBANKS	UNIVERSITY OF ALASKA FAIRBANKS	public			87.5856	-178.9268333	Arctic Ocean			NPLGFF	34.8079			GEOTRACES ARCTIC 2015	CGC Healy	30				ERS1972341	0.7857	Station 30 seawater, depth 261m
109		SAMEA104347362	30-10_170427			261	Station 30 seawater, depth 261m	ERC000027	marine biome	marine water body	seawater	water	2017-10-11				23:04:11		UNIVERSITY OF ALASKA FAIRBANKS	UNIVERSITY OF ALASKA FAIRBANKS	public			87.5856	-178.9268333	Arctic Ocean			NPLGFF	34.8079			GEOTRACES ARCTIC 2015	CGC Healy	30				ERS1972340	0.7857	Station 30 seawater, depth 261m
110		SAMEA104347361	30-1_170506			24	Station 30 seawater, depth 24m	ERC000027	marine biome	marine water body	seawater	water	2017-10-11				23:04:11		UNIVERSITY OF ALASKA FAIRBANKS	UNIVERSITY OF ALASKA FAIRBANKS	public			87.53011667	-179.99975	Arctic Ocean			NPLGFF	28.655			GEOTRACES ARCTIC 2015	CGC Healy	30				ERS1972339	-1.4005	Station 30 seawater, depth 24m
111		SAMEA104347360	30-1_170427			24	Station 30 seawater, depth 24m	ERC000027	marine biome	marine water body	seawater	water	2017-10-11				23:04:11		UNIVERSITY OF ALASKA FAIRBANKS	UNIVERSITY OF ALASKA FAIRBANKS	public			87.53011667	-179.99975	Arctic Ocean			NPLGFF	28.655			GEOTRACES ARCTIC 2015	CGC Healy	30				ERS1972338	-1.4005	Station 30 seawater, depth 24m
112		SAMEA104347359	26-9_170506			745	Station 26 seawater, depth 745m	ERC000027	marine biome	marine water body	seawater	water	2017-10-11				23:04:11		UNIVERSITY OF ALASKA FAIRBANKS	UNIVERSITY OF ALASKA FAIRBANKS	public			83.71425	-174.21085	Arctic Ocean			NPLGFF	34.877			GEOTRACES ARCTIC 2015	CGC Healy	26				ERS1972337	0.1392	Station 26 seawater, depth 745m
113		SAMEA104347358	26-9_170427			745	Station 26 seawater, depth 745m	ERC000027	marine biome	marine water body	seawater	water	2017-10-11				23:04:11		UNIVERSITY OF ALASKA FAIRBANKS	UNIVERSITY OF ALASKA FAIRBANKS	public			83.71425	-174.21085	Arctic Ocean			NPLGFF	34.877			GEOTRACES ARCTIC 2015	CGC Healy	26				ERS1972336	0.1392	Station 26 seawater, depth 745m
114		SAMEA104347357	26-8_170506			524	Station 26 seawater, depth 524m	ERC000027	marine biome	marine water body	seawater	water	2017-10-11				23:04:11		UNIVERSITY OF ALASKA FAIRBANKS	UNIVERSITY OF ALASKA FAIRBANKS	public			83.75495	-174.8173	Arctic Ocean			NPLGFF	34.8674			GEOTRACES ARCTIC 2015	CGC Healy	26				ERS1972335	0.6525	Station 26 seawater, depth 524m
115		SAMEA104347356	26-8_170427			524	Station 26 seawater, depth 524m	ERC000027	marine biome	marine water body	seawater	water	2017-10-11				23:04:11		UNIVERSITY OF ALASKA FAIRBANKS	UNIVERSITY OF ALASKA FAIRBANKS	public			83.75495	-174.8173	Arctic Ocean			NPLGFF	34.8674			GEOTRACES ARCTIC 2015	CGC Healy	26				ERS1972334	0.6525	Station 26 seawater, depth 524m
116		SAMEA104347355	26-7_170506			367	Station 26 seawater, depth 367m	ERC000027	marine biome	marine water body	seawater	water	2017-10-11				23:04:11		UNIVERSITY OF ALASKA FAIRBANKS	UNIVERSITY OF ALASKA FAIRBANKS	public			83.75495	-174.8173	Arctic Ocean			NPLGFF	34.8515			GEOTRACES ARCTIC 2015	CGC Healy	26				ERS1972333	0.9835	Station 26 seawater, depth 367m
117		SAMEA104347354	26-7_170427			367	Station 26 seawater, depth 367m	ERC000027	marine biome	marine water body	seawater	water	2017-10-11				23:04:11		UNIVERSITY OF ALASKA FAIRBANKS	UNIVERSITY OF ALASKA FAIRBANKS	public			83.75495	-174.8173	Arctic Ocean			NPLGFF	34.8515			GEOTRACES ARCTIC 2015	CGC Healy	26				ERS1972332	0.9835	Station 26 seawater, depth 367m
118		SAMEA104347353	26-6_170506			210	Station 26 seawater, depth 210m	ERC000027	marine biome	marine water body	seawater	water	2017-10-11				23:04:11		UNIVERSITY OF ALASKA FAIRBANKS	UNIVERSITY OF ALASKA FAIRBANKS	public			83.75495	-174.8173	Arctic Ocean			NPLGFF	34.6026			GEOTRACES ARCTIC 2015	CGC Healy	26				ERS1972331	0.0776	Station 26 seawater, depth 210m
119		SAMEA104347352	26-6_170427			210	Station 26 seawater, depth 210m	ERC000027	marine biome	marine water body	seawater	water	2017-10-11				23:04:11		UNIVERSITY OF ALASKA FAIRBANKS	UNIVERSITY OF ALASKA FAIRBANKS	public			83.75495	-174.8173	Arctic Ocean			NPLGFF	34.6026			GEOTRACES ARCTIC 2015	CGC Healy	26				ERS1972330	0.0776	Station 26 seawater, depth 210m
120		SAMEA104347351	26-5_170506			147	Station 26 seawater, depth 147m	ERC000027	marine biome	marine water body	seawater	water	2017-10-11				23:04:11		UNIVERSITY OF ALASKA FAIRBANKS	UNIVERSITY OF ALASKA FAIRBANKS	public			83.75495	-174.8173	Arctic Ocean			NPLGFF	34.1901			GEOTRACES ARCTIC 2015	CGC Healy	26				ERS1972329	-1.3292	Station 26 seawater, depth 147m
121		SAMEA104347350	26-5_170427			147	Station 26 seawater, depth 147m	ERC000027	marine biome	marine water body	seawater	water	2017-10-11				23:04:11		UNIVERSITY OF ALASKA FAIRBANKS	UNIVERSITY OF ALASKA FAIRBANKS	public			83.75495	-174.8173	Arctic Ocean			NPLGFF	34.1901			GEOTRACES ARCTIC 2015	CGC Healy	26				ERS1972328	-1.3292	Station 26 seawater, depth 147m
122		SAMEA104347349	26-4_170506			100	Station 26 seawater, depth 100m	ERC000027	marine biome	marine water body	seawater	water	2017-10-11				23:04:11		UNIVERSITY OF ALASKA FAIRBANKS	UNIVERSITY OF ALASKA FAIRBANKS	public			83.75495	-174.8173	Arctic Ocean			NPLGFF	33.5114			GEOTRACES ARCTIC 2015	CGC Healy	26				ERS1972327	-1.4216	Station 26 seawater, depth 100m
123		SAMEA104347348	26-4_170427			100	Station 26 seawater, depth 100m	ERC000027	marine biome	marine water body	seawater	water	2017-10-11				23:04:11		UNIVERSITY OF ALASKA FAIRBANKS	UNIVERSITY OF ALASKA FAIRBANKS	public			83.75495	-174.8173	Arctic Ocean			NPLGFF	33.5114			GEOTRACES ARCTIC 2015	CGC Healy	26				ERS1972326	-1.4216	Station 26 seawater, depth 100m
124		SAMEA104347347	26-3_170506			73	Station 26 seawater, depth 73m	ERC000027	marine biome	marine water body	seawater	water	2017-10-11				23:04:11		UNIVERSITY OF ALASKA FAIRBANKS	UNIVERSITY OF ALASKA FAIRBANKS	public			83.75495	-174.8173	Arctic Ocean			NPLGFF	32.2278			GEOTRACES ARCTIC 2015	CGC Healy	26				ERS1972325	-1.2877	Station 26 seawater, depth 73m
125		SAMEA104347346	26-3_170427			73	Station 26 seawater, depth 73m	ERC000027	marine biome	marine water body	seawater	water	2017-10-11				23:04:11		UNIVERSITY OF ALASKA FAIRBANKS	UNIVERSITY OF ALASKA FAIRBANKS	public			83.75495	-174.8173	Arctic Ocean			NPLGFF	32.2278			GEOTRACES ARCTIC 2015	CGC Healy	26				ERS1972324	-1.2877	Station 26 seawater, depth 73m
126		SAMEA104347345	26-2_170506			55	Station 26 seawater, depth 55m	ERC000027	marine biome	marine water body	seawater	water	2017-10-11				23:04:11		UNIVERSITY OF ALASKA FAIRBANKS	UNIVERSITY OF ALASKA FAIRBANKS	public			83.75495	-174.8173	Arctic Ocean			NPLGFF	30.2422			GEOTRACES ARCTIC 2015	CGC Healy	26				ERS1972323	-1.3274	Station 26 seawater, depth 55m
127		SAMEA104347344	26-2_170427			55	Station 26 seawater, depth 55m	ERC000027	marine biome	marine water body	seawater	water	2017-10-11				23:04:11		UNIVERSITY OF ALASKA FAIRBANKS	UNIVERSITY OF ALASKA FAIRBANKS	public			83.75495	-174.8173	Arctic Ocean			NPLGFF	30.2422			GEOTRACES ARCTIC 2015	CGC Healy	26				ERS1972322	-1.3274	Station 26 seawater, depth 55m
128		SAMEA104347343	26-16_170506			2901	Station 26 seawater, depth 2901m	ERC000027	marine biome	marine water body	seawater	water	2017-10-11				23:04:11		UNIVERSITY OF ALASKA FAIRBANKS	UNIVERSITY OF ALASKA FAIRBANKS	public			83.71425	-174.21085	Arctic Ocean			NPLGFF	34.9567			GEOTRACES ARCTIC 2015	CGC Healy	26				ERS1972321	-0.345	Station 26 seawater, depth 2901m
129		SAMEA104347342	26-16_170427			2901	Station 26 seawater, depth 2901m	ERC000027	marine biome	marine water body	seawater	water	2017-10-11				23:04:11		UNIVERSITY OF ALASKA FAIRBANKS	UNIVERSITY OF ALASKA FAIRBANKS	public			83.71425	-174.21085	Arctic Ocean			NPLGFF	34.9567			GEOTRACES ARCTIC 2015	CGC Healy	26				ERS1972320	-0.345	Station 26 seawater, depth 2901m
130		SAMEA104347341	26-15_170506			2831	Station 26 seawater, depth 2831m	ERC000027	marine biome	marine water body	seawater	water	2017-10-11				23:04:11		UNIVERSITY OF ALASKA FAIRBANKS	UNIVERSITY OF ALASKA FAIRBANKS	public			83.71425	-174.21085	Arctic Ocean			NPLGFF	34.9567			GEOTRACES ARCTIC 2015	CGC Healy	26				ERS1972319	-0.345	Station 26 seawater, depth 2831m
131		SAMEA104347340	26-15_170427			2831	Station 26 seawater, depth 2831m	ERC000027	marine biome	marine water body	seawater	water	2017-10-11				23:04:11		UNIVERSITY OF ALASKA FAIRBANKS	UNIVERSITY OF ALASKA FAIRBANKS	public			83.71425	-174.21085	Arctic Ocean			NPLGFF	34.9567			GEOTRACES ARCTIC 2015	CGC Healy	26				ERS1972318	-0.345	Station 26 seawater, depth 2831m
132		SAMEA104347339	26-14_170506			2752	Station 26 seawater, depth 2752m	ERC000027	marine biome	marine water body	seawater	water	2017-10-11				23:04:10		UNIVERSITY OF ALASKA FAIRBANKS	UNIVERSITY OF ALASKA FAIRBANKS	public			83.71425	-174.21085	Arctic Ocean			NPLGFF	34.9562			GEOTRACES ARCTIC 2015	CGC Healy	26				ERS1972317	-0.351	Station 26 seawater, depth 2752m
133		SAMEA104347338	26-14_170427			2752	Station 26 seawater, depth 2752m	ERC000027	marine biome	marine water body	seawater	water	2017-10-11				23:04:10		UNIVERSITY OF ALASKA FAIRBANKS	UNIVERSITY OF ALASKA FAIRBANKS	public			83.71425	-174.21085	Arctic Ocean			NPLGFF	34.9562			GEOTRACES ARCTIC 2015	CGC Healy	26				ERS1972316	-0.351	Station 26 seawater, depth 2752m
134		SAMEA104347337	26-13_170506			2523	Station 26 seawater, depth 2523m	ERC000027	marine biome	marine water body	seawater	water	2017-10-11				23:04:10		UNIVERSITY OF ALASKA FAIRBANKS	UNIVERSITY OF ALASKA FAIRBANKS	public			83.71425	-174.21085	Arctic Ocean			NPLGFF	34.9554			GEOTRACES ARCTIC 2015	CGC Healy	26				ERS1972315	-0.3652	Station 26 seawater, depth 2523m
135		SAMEA104347336	26-13_170427			2523	Station 26 seawater, depth 2523m	ERC000027	marine biome	marine water body	seawater	water	2017-10-11				23:04:10		UNIVERSITY OF ALASKA FAIRBANKS	UNIVERSITY OF ALASKA FAIRBANKS	public			83.71425	-174.21085	Arctic Ocean			NPLGFF	34.9554			GEOTRACES ARCTIC 2015	CGC Healy	26				ERS1972314	-0.3652	Station 26 seawater, depth 2523m
136		SAMEA104347335	26-12_170506			2235	Station 26 seawater, depth 2235m	ERC000027	marine biome	marine water body	seawater	water	2017-10-11				23:04:10		UNIVERSITY OF ALASKA FAIRBANKS	UNIVERSITY OF ALASKA FAIRBANKS	public			83.71425	-174.21085	Arctic Ocean			NPLGFF	34.9523			GEOTRACES ARCTIC 2015	CGC Healy	26				ERS1972313	-0.3881	Station 26 seawater, depth 2235m
137		SAMEA104347334	26-12_170427			2235	Station 26 seawater, depth 2235m	ERC000027	marine biome	marine water body	seawater	water	2017-10-11				23:04:10		UNIVERSITY OF ALASKA FAIRBANKS	UNIVERSITY OF ALASKA FAIRBANKS	public			83.71425	-174.21085	Arctic Ocean			NPLGFF	34.9523			GEOTRACES ARCTIC 2015	CGC Healy	26				ERS1972312	-0.3881	Station 26 seawater, depth 2235m
138		SAMEA104347333	26-11_170506			1803	Station 26 seawater, depth 1803m	ERC000027	marine biome	marine water body	seawater	water	2017-10-11				23:04:10		UNIVERSITY OF ALASKA FAIRBANKS	UNIVERSITY OF ALASKA FAIRBANKS	public			83.71425	-174.21085	Arctic Ocean			NPLGFF	34.9419			GEOTRACES ARCTIC 2015	CGC Healy	26				ERS1972311	-0.4038	Station 26 seawater, depth 1803m
139		SAMEA104347332	26-11_170427			1803	Station 26 seawater, depth 1803m	ERC000027	marine biome	marine water body	seawater	water	2017-10-11				23:04:10		UNIVERSITY OF ALASKA FAIRBANKS	UNIVERSITY OF ALASKA FAIRBANKS	public			83.71425	-174.21085	Arctic Ocean			NPLGFF	34.9419			GEOTRACES ARCTIC 2015	CGC Healy	26				ERS1972310	-0.4038	Station 26 seawater, depth 1803m
140		SAMEA104347331	26-10_170506			1242	Station 26 seawater, depth 1242m	ERC000027	marine biome	marine water body	seawater	water	2017-10-11				23:04:10		UNIVERSITY OF ALASKA FAIRBANKS	UNIVERSITY OF ALASKA FAIRBANKS	public			83.71425	-174.21085	Arctic Ocean			NPLGFF	34.9052			GEOTRACES ARCTIC 2015	CGC Healy	26				ERS1972309	-0.2958	Station 26 seawater, depth 1242m
141		SAMEA104347330	26-10_170427			1242	Station 26 seawater, depth 1242m	ERC000027	marine biome	marine water body	seawater	water	2017-10-11				23:04:10		UNIVERSITY OF ALASKA FAIRBANKS	UNIVERSITY OF ALASKA FAIRBANKS	public			83.71425	-174.21085	Arctic Ocean			NPLGFF	34.9052			GEOTRACES ARCTIC 2015	CGC Healy	26				ERS1972308	-0.2958	Station 26 seawater, depth 1242m
142		SAMEA104347329	26-1_170506			25	Station 26 seawater, depth 25m	ERC000027	marine biome	marine water body	seawater	water	2017-10-11				23:04:10		UNIVERSITY OF ALASKA FAIRBANKS	UNIVERSITY OF ALASKA FAIRBANKS	public			83.75495	-174.8173	Arctic Ocean			NPLGFF	28.7392			GEOTRACES ARCTIC 2015	CGC Healy	26				ERS1972307	-1.2533	Station 26 seawater, depth 25m
143		SAMEA104347328	26-1_170427			25	Station 26 seawater, depth 25m	ERC000027	marine biome	marine water body	seawater	water	2017-10-11				23:04:10		UNIVERSITY OF ALASKA FAIRBANKS	UNIVERSITY OF ALASKA FAIRBANKS	public			83.75495	-174.8173	Arctic Ocean			NPLGFF	28.7392			GEOTRACES ARCTIC 2015	CGC Healy	26				ERS1972306	-1.2533	Station 26 seawater, depth 25m
144		SAMEA98155168	KD014_S4_9		2015-09-07	5	Arctic seawater metagenome, 5 m	ERC000011	marine biome	marine water body	seawater		2018-03-22		2015-09-07	6239	17:37:32	Arctic Ocean		UNIVERSITY OF ALASKA FAIRBANKS	public		2015-09-07	89.99033333	-89.2525	Arctic Ocean			NPL022		Niskin bottle		GEOTRACES ARCTIC 2015	CGC Healy		33	Illumina MiSeq 2x250 PE	0.22 um	ERS1568988		Arctic seawater metagenome, 5 m
145		SAMEA98155918	KD014_S1_9		2015-09-07	5	Arctic seawater metagenome, 5 m	ERC000011	marine biome	marine water body	seawater		2018-03-22		2015-09-07	6239	15:43:09	Arctic Ocean		UNIVERSITY OF ALASKA FAIRBANKS	public		2017-02-22	89.99033333	-89.2525	Arctic Ocean			NPL022		Niskin bottle		GEOTRACES ARCTIC 2015	CGC Healy		33	Illumina MiSeq 2x250 PE	0.22 um	ERS1568989		Arctic seawater metagenome, 5 m
146		SAMEA98135668	KD006_S11_87		2015-09-04	0.9	Arctic sea ice metagenome, 0.9 m	ERC000011	marine biome	marine water body	sea ice		2018-03-22		2015-09-04	6210	17:52:20	Arctic Ocean		UNIVERSITY OF ALASKA FAIRBANKS	public		2017-02-22	88.4072	-176.7614333	Arctic Ocean			NPL022	19.29757759	ice auger		GEOTRACES ARCTIC 2015	CGC Healy		31	Illumina MiSeq 2x250 PE	0.22 um	ERS1568962	-1.17	Arctic sea ice metagenome, 0.9 m
147		SAMEA98137918	KD017_S12_85B		2015-09-07	1.32	Arctic sea ice metagenome, 1.32 m	ERC000011	marine biome	marine water body	sea ice		2018-03-22		2015-09-07	6239	16:39:14	Arctic Ocean		UNIVERSITY OF ALASKA FAIRBANKS	public		2017-02-22	89.99033333	-89.2525	Arctic Ocean			NPL022	27.90662096	ice auger		GEOTRACES ARCTIC 2015	CGC Healy		33	Illumina MiSeq 2x250 PE	0.22 um	ERS1568965	-1.37	Arctic sea ice metagenome, 1.32 m
148		SAMEA98138668	KD028_S10_83	42258		0.7	Arctic sea ice metagenome, 0.7 m	ERC000011	marine biome	marine water body	sea ice		2017-02-23	42258		6270	07:44:10	Arctic Ocean		UNIVERSITY OF ALASKA FAIRBANKS	public	42788		87.77201667	-148.8943333	Arctic Ocean			NPL022	12.69850978	ice auger		GEOTRACES ARCTIC 2015	CGC Healy		39	Illumina MiSeq 2x250 PE	0.22 um	ERS1568966	-0.7375	Arctic sea ice metagenome, 0.7 m
149		SAMEA98139418	KD029_S10_82		2015-09-11	1.3	Arctic sea ice metagenome, 1.3 m	ERC000011	marine biome	marine water body	sea ice		2018-03-22		2015-09-11	6270	17:16:35	Arctic Ocean		UNIVERSITY OF ALASKA FAIRBANKS	public		2017-02-22	87.77201667	-148.8943333	Arctic Ocean			NPL022	21.05113861	ice auger		GEOTRACES ARCTIC 2015	CGC Healy		39	Illumina MiSeq 2x250 PE	0.22 um	ERS1568967	-1.1625	Arctic sea ice metagenome, 1.3 m
150		SAMEA98140168	KD030_S9_81		2015-09-11	0.5	Arctic sea ice metagenome, 0.5 m	ERC000011	marine biome	marine water body	sea ice		2018-03-22		2015-09-11	6270	17:25:43	Arctic Ocean		UNIVERSITY OF ALASKA FAIRBANKS	public		2017-02-22	87.77201667	-148.8943333	Arctic Ocean			NPL022	10.20195331	ice auger		GEOTRACES ARCTIC 2015	CGC Healy		39	Illumina MiSeq 2x250 PE	0.22 um	ERS1568968	-0.55	Arctic sea ice metagenome, 0.5 m
151		SAMEA98140918	KD031_S8_80		2015-09-11	0.3	Arctic sea ice metagenome, 0.3 m	ERC000011	marine biome	marine water body	sea ice		2018-03-22		2015-09-11	6270	15:37:46	Arctic Ocean		UNIVERSITY OF ALASKA FAIRBANKS	public		2017-02-22	87.77201667	-148.8943333	Arctic Ocean			NPL022	11.43140765	ice auger		GEOTRACES ARCTIC 2015	CGC Healy		39	Illumina MiSeq 2x250 PE	0.22 um	ERS1568969	-0.6	Arctic sea ice metagenome, 0.3 m
152		SAMEA98154418	KD013_S3_8		2015-09-07	1.5	Arctic seawater metagenome, 1.5 m	ERC000011	marine biome	marine water body	seawater		2018-03-22		2015-09-07	6239	18:02:01	Arctic Ocean		UNIVERSITY OF ALASKA FAIRBANKS	public		2017-02-22	89.99033333	-89.2525	Arctic Ocean			NPL022		Niskin bottle		GEOTRACES ARCTIC 2015	CGC Healy		33	Illumina MiSeq 2x250 PE	0.22 um	ERS1568987		Arctic seawater metagenome, 1.5 m
153		SAMEA98141668	KD032_S7_79		2015-09-11	1.1	Arctic sea ice metagenome, 1.1 m	ERC000011	marine biome	marine water body	sea ice		2018-03-20		2015-09-11	6270	16:34:41	Arctic Ocean		UNIVERSITY OF ALASKA FAIRBANKS	public		2017-02-22	87.77201667	-148.8943333	Arctic Ocean			NPL022	19.45657158	ice auger		GEOTRACES ARCTIC 2015	CGC Healy		39	Illumina MiSeq 2x250 PE	0.22 um	ERS1568970	-1.0825	Arctic sea ice metagenome, 1.1 m
154		SAMEA98143168	KD033_S9_78		2015-09-11	1.5	Arctic sea ice metagenome, 1.5 m	ERC000011	marine biome	marine water body	sea ice		2018-03-22		2015-09-11	6270	17:53:58	Arctic Ocean		UNIVERSITY OF ALASKA FAIRBANKS	public		2017-02-22	87.77201667	-148.8943333	Arctic Ocean			NPL022	24.39584968	ice auger		GEOTRACES ARCTIC 2015	CGC Healy		39	Illumina MiSeq 2x250 PE	0.22 um	ERS1568972	-1.3625	Arctic sea ice metagenome, 1.5 m
155		SAMEA98143918	KD034_S6_77		2015-09-11	0.1	Arctic sea ice metagenome, 0.1 m	ERC000011	marine biome	marine water body	sea ice		2018-03-22		2015-09-11	6270	16:49:50	Arctic Ocean		UNIVERSITY OF ALASKA FAIRBANKS	public		2017-02-22	87.77201667	-148.8943333	Arctic Ocean			NPL022	12.40544434	ice auger		GEOTRACES ARCTIC 2015	CGC Healy		39	Illumina MiSeq 2x250 PE	0.22 um	ERS1568973	-0.655	Arctic sea ice metagenome, 0.1 m
156		SAMEA98144668	KD035_S5_76		2015-09-11	0.9	Arctic sea ice metagenome, 0.9 m	ERC000011	marine biome	marine water body	sea ice		2018-03-22		2015-09-11	6270	16:32:17	Arctic Ocean		UNIVERSITY OF ALASKA FAIRBANKS	public		2017-02-22	87.77201667	-148.8943333	Arctic Ocean			NPL022	16.23219365	ice auger		GEOTRACES ARCTIC 2015	CGC Healy		39	Illumina MiSeq 2x250 PE	0.22 um	ERS1568974	-0.905	Arctic sea ice metagenome, 0.9 m
157		SAMEA98142418	KD033_S8_75		2015-09-11	1.5	Arctic sea ice metagenome, 1.5 m	ERC000011	marine biome	marine water body	sea ice		2018-03-21		2015-09-11	6270	15:23:17	Arctic Ocean		UNIVERSITY OF ALASKA FAIRBANKS	public		2017-02-22	87.77201667	-148.8943333	Arctic Ocean			NPL022	24.39584968	ice auger		GEOTRACES ARCTIC 2015	CGC Healy		39	Illumina MiSeq 2x250 PE	0.22 um	ERS1568971	-1.3625	Arctic sea ice metagenome, 1.5 m
158		SAMEA98145418	KD038_S7_74		2015-09-14	1.3	Arctic sea ice metagenome, 1.3 m	ERC000011	marine biome	marine water body	sea ice		2018-03-22		2015-09-14	6283	15:50:37	Arctic Ocean		UNIVERSITY OF ALASKA FAIRBANKS	public		2017-02-22	85.723	-150.6090833	Arctic Ocean			NPL022	26.21433718	ice auger		GEOTRACES ARCTIC 2015	CGC Healy		42	Illumina MiSeq 2x250 PE	0.22 um	ERS1568975	-1.45	Arctic sea ice metagenome, 1.3 m
159		SAMEA98146168	KD039_S4_73		2015-09-14	0.7	Arctic sea ice metagenome, 0.7 m	ERC000011	marine biome	marine water body	sea ice		2018-03-22		2015-09-14	6283	17:17:31	Arctic Ocean		UNIVERSITY OF ALASKA FAIRBANKS	public		2017-02-22	85.723	-150.6090833	Arctic Ocean			NPL022	19.92153771	ice auger		GEOTRACES ARCTIC 2015	CGC Healy		42	Illumina MiSeq 2x250 PE	0.22 um	ERS1568976	-1.0675	Arctic sea ice metagenome, 0.7 m
160		SAMEA98146918	KD041_S6_71		2015-09-14	1.3	Arctic sea ice metagenome, 1.3 m	ERC000011	marine biome	marine water body	sea ice		2018-03-22		2015-09-14	6283	16:59:48	Arctic Ocean		UNIVERSITY OF ALASKA FAIRBANKS	public		2017-02-22	85.723	-150.6090833	Arctic Ocean			NPL022	27.91620795	ice auger		GEOTRACES ARCTIC 2015	CGC Healy		42	Illumina MiSeq 2x250 PE	0.22 um	ERS1568977	-1.5	Arctic sea ice metagenome, 1.3 m
161		SAMEA98147668	KD043_S3_69		2015-09-14	0.1	Arctic sea ice metagenome, 0.1 m	ERC000011	marine biome	marine water body	sea ice		2018-03-22		2015-09-14	6283	17:27:20	Arctic Ocean		UNIVERSITY OF ALASKA FAIRBANKS	public		2017-02-22	85.723	-150.6090833	Arctic Ocean			NPL022	35.09179016	ice auger		GEOTRACES ARCTIC 2015	CGC Healy		42	Illumina MiSeq 2x250 PE	0.22 um	ERS1568978	-1.96	Arctic sea ice metagenome, 0.1 m
162		SAMEA98148418	KD044_S5_68		2015-09-14	1.435	Arctic sea ice metagenome, 1.435 m	ERC000011	marine biome	marine water body	sea ice		2018-03-20		2015-09-14	6283	16:31:12	Arctic Ocean		UNIVERSITY OF ALASKA FAIRBANKS	public		2017-02-22	85.723	-150.6090833	Arctic Ocean			NPL022	31.33229147	ice auger		GEOTRACES ARCTIC 2015	CGC Healy		42	Illumina MiSeq 2x250 PE	0.22 um	ERS1568979	-1.73	Arctic sea ice metagenome, 1.435 m
163		SAMEA98157418	KD053_S2_67		2015-09-16	1	Arctic seawater metagenome, 1 m	ERC000011	marine biome	marine water body	seawater		2018-03-22		2015-09-16	6324	16:03:02	Arctic Ocean		UNIVERSITY OF ALASKA FAIRBANKS	public		2017-02-22	85.16033333	-149.9722667	Arctic Ocean			NPL022		Niskin bottle		GEOTRACES ARCTIC 2015	CGC Healy		43	Illumina MiSeq 2x250 PE	0.22 um	ERS1568991		Arctic seawater metagenome, 1 m
164		SAMEA98149168	KD054_S1_66		2015-09-16	0.9	Arctic sea ice metagenome, 0.9 m	ERC000011	marine biome	marine water body	sea ice		2018-03-22		2015-09-16	6324	17:53:04	Arctic Ocean		UNIVERSITY OF ALASKA FAIRBANKS	public		2017-02-22	85.16033333	-149.9722667	Arctic Ocean			NPL022	32.17356772	ice auger		GEOTRACES ARCTIC 2015	CGC Healy		43	Illumina MiSeq 2x250 PE	0.22 um	ERS1568980	-1.7425	Arctic sea ice metagenome, 0.9 m
165		SAMEA98149918	KD059_S4_61		2015-09-16	1.1	Arctic sea ice metagenome, 1.1 m	ERC000011	marine biome	marine water body	sea ice		2018-03-20		2015-09-16	6324	16:29:58	Arctic Ocean		UNIVERSITY OF ALASKA FAIRBANKS	public		2017-02-22	85.16033333	-149.9722667	Arctic Ocean			NPL022	33.64074589	ice auger		GEOTRACES ARCTIC 2015	CGC Healy		43	Illumina MiSeq 2x250 PE	0.22 um	ERS1568981	-1.93	Arctic sea ice metagenome, 1.1 m
166		SAMEA98150668	KD060B_S11_60B		2015-09-16	0.3	Arctic sea ice metagenome, 0.3 m	ERC000011	marine biome	marine water body	sea ice		2018-03-20		2015-09-16	6324	16:17:11	Arctic Ocean		UNIVERSITY OF ALASKA FAIRBANKS	public		2017-02-22	85.16033333	-149.9722667	Arctic Ocean			NPL022	47.87118489	ice auger		GEOTRACES ARCTIC 2015	CGC Healy		43	Illumina MiSeq 2x250 PE	0.22 um	ERS1568982	-2.7225	Arctic sea ice metagenome, 0.3 m
167		SAMEA98137168	KD010_S2_6		2015-09-04	1.3	Arctic sea ice metagenome, 1.3 m	ERC000011	marine biome	marine water body	sea ice		2018-03-22		2015-09-04	6210	18:02:35	Arctic Ocean		UNIVERSITY OF ALASKA FAIRBANKS	public		2017-02-22	88.4072	-176.7614333	Arctic Ocean			NPL022	28.28050089	ice auger		GEOTRACES ARCTIC 2015	CGC Healy		31	Illumina MiSeq 2x250 PE	0.22 um	ERS1568964	-1.655	Arctic sea ice metagenome, 1.3 m
168		SAMEA98158168	KD099_S3_54		2015-09-26	55	Arctic seawater metagenome, 55 m	ERC000011	marine biome	marine water body	seawater		2018-03-22		2015-09-26	6388	16:01:23	Arctic Ocean		UNIVERSITY OF ALASKA FAIRBANKS	public		2017-02-22	78.1739	-147.8331	Arctic Ocean	3.49	308.8	NPL022	31.1098	Niskin bottle	11869	GEOTRACES ARCTIC 2015	CGC Healy		51	Illumina MiSeq 2x250 PE	0.22 um	ERS1568992	-0.3258	Arctic seawater metagenome, 55 m
169		SAMEA98152918	KD102_S2_52		2015-09-27	0.05	Arctic sea ice metagenome, 0.05 m	ERC000011	marine biome	marine water body	sea ice		2018-03-22		2015-09-27	6405	15:34:17	Arctic Ocean		UNIVERSITY OF ALASKA FAIRBANKS	public		2017-02-22	77.4476	-147.8711	Arctic Ocean			NPL022		ice auger		GEOTRACES ARCTIC 2015	CGC Healy		52	Illumina MiSeq 2x250 PE	0.22 um	ERS1568985		Arctic sea ice metagenome, 0.05 m
170		SAMEA98158918	KD115_S2_49		2015-10-04	1	Arctic seawater metagenome, 1 m	ERC000011	marine biome	marine water body	seawater		2018-03-22		2015-10-04	6458	15:27:26	Arctic Ocean		UNIVERSITY OF ALASKA FAIRBANKS	public	22-Feb-17		72.9989	-158.8455	Arctic Ocean			NPL022		Niskin bottle		GEOTRACES ARCTIC 2015	CGC Healy		60	Illumina MiSeq 2x250 PE	0.22 um	ERS1568993		Arctic seawater metagenome, 1 m
171		SAMEA98162668	KD120_S5_46		2015-10-04	57	Arctic seawater metagenome, 57 m	ERC000011	marine biome	marine water body	seawater		2018-03-22		2015-10-04	6458	17:23:55	Arctic Ocean		UNIVERSITY OF ALASKA FAIRBANKS	public		2017-02-22	72.9989	-158.8455	Arctic Ocean	0.98	309.5	NPL022	31.1429	Niskin bottle	12220	GEOTRACES ARCTIC 2015	CGC Healy		60	Illumina MiSeq 2x250 PE	0.22 um	ERS1568998	1.7079	Arctic seawater metagenome, 57 m
172		SAMEA98161918	KD120_S12_46		2015-10-04	57	Arctic seawater metagenome, 57 m	ERC000011	marine biome	marine water body	seawater		2018-03-22		2015-10-04	6458	16:00:33	Arctic Ocean		UNIVERSITY OF ALASKA FAIRBANKS	public		2017-02-22	72.9989	-158.8455	Arctic Ocean	0.98	309.5	NPL022	31.1429	Niskin bottle	12220	GEOTRACES ARCTIC 2015	CGC Healy		60	Illumina MiSeq 2x250 PE	0.22 um	ERS1568997	1.7079	Arctic seawater metagenome, 57 m
173		SAMEA98163418	KD121_S6_45		2015-10-04	25	Arctic seawater metagenome, 25 m	ERC000011	marine biome	marine water body	seawater		2018-03-22		2015-10-04	6458	17:28:14	Arctic Ocean		UNIVERSITY OF ALASKA FAIRBANKS	public		2017-02-22	72.9989	-158.8455	Arctic Ocean	0.14	286.4	NPL022	29.397	Niskin bottle	12226	GEOTRACES ARCTIC 2015	CGC Healy		60	Illumina MiSeq 2x250 PE	0.22 um	ERS1568999	1.6423	Arctic seawater metagenome, 25 m
174		SAMEA98164168	KD122_S11_44		2015-10-04	660	Arctic seawater metagenome, 660 m	ERC000011	marine biome	marine water body	seawater		2018-03-22		2015-10-04	6458	15:49:41	Arctic Ocean		UNIVERSITY OF ALASKA FAIRBANKS	public		2017-02-22	72.9989	-158.8455	Arctic Ocean	12.74	245.2	NPL022	34.8519	Niskin bottle	12208	GEOTRACES ARCTIC 2015	CGC Healy		60	Illumina MiSeq 2x250 PE	0.22 um	ERS1569000	0.4047	Arctic seawater metagenome, 660 m
175		SAMEA98166418	KD127_S9_41	42282		29	Arctic seawater metagenome, 29 m	ERC000011	marine biome	marine water body	seawater		2017-02-23	42282		6467	07:44:11	Arctic Ocean		UNIVERSITY OF ALASKA FAIRBANKS	public	42788		72.7978	-159.6242	Arctic Ocean	17.53	181.8	NPL022	32.6327	Niskin bottle	12263	GEOTRACES ARCTIC 2015	CGC Healy		61	Illumina MiSeq 2x250 PE	0.22 um	ERS1569003	-1.6707	Arctic seawater metagenome, 29 m
176		SAMEA98167168	KD127_S10_41		2015-10-05	29	Arctic seawater metagenome, 29 m	ERC000011	marine biome	marine water body	seawater		2018-03-22		2015-10-05	6467	17:56:09	Arctic Ocean		UNIVERSITY OF ALASKA FAIRBANKS	public		2017-02-22	72.7978	-159.6242	Arctic Ocean	17.53	181.8	NPL022	32.6327	Niskin bottle	12263	GEOTRACES ARCTIC 2015	CGC Healy		61	Illumina MiSeq 2x250 PE	0.22 um	ERS1569004	-1.6707	Arctic seawater metagenome, 29 m
177		SAMEA98167918	KD128_S10_40		2015-10-05	12	Arctic seawater metagenome, 12 m	ERC000011	marine biome	marine water body	seawater		2018-03-22		2015-10-05	6467	16:02:09	Arctic Ocean		UNIVERSITY OF ALASKA FAIRBANKS	public		2017-02-22	72.7978	-159.6242	Arctic Ocean	0.38	267.2	NPL022	31.2395	Niskin bottle	12271	GEOTRACES ARCTIC 2015	CGC Healy		61	Illumina MiSeq 2x250 PE	0.22 um	ERS1569005	1.0376	Arctic seawater metagenome, 12 m
178		SAMEA98168668	KD128_S1_40		2015-10-05	12	Arctic seawater metagenome, 12 m	ERC000011	marine biome	marine water body	seawater		2018-03-22		2015-10-05	6467	17:21:57	Arctic Ocean		UNIVERSITY OF ALASKA FAIRBANKS	public		2017-02-22	72.7978	-159.6242	Arctic Ocean	0.38	267.2	NPL022	31.2395	Niskin bottle	12271	GEOTRACES ARCTIC 2015	CGC Healy		61	Illumina MiSeq 2x250 PE	0.22 um	ERS1569006	1.0376	Arctic seawater metagenome, 12 m
179		SAMEA98136418	KD008_S1_4		2015-09-21	1.1	Arctic sea ice metagenome, 1.1 m	ERC000011	marine biome	marine water body	sea ice		2017-11-06		2015-09-21	6210	14:49:22	Arctic Ocean		UNIVERSITY OF ALASKA FAIRBANKS	public	42788		88.4072	-176.7614333	Arctic Ocean			NPL022	21.91196841	ice auger		GEOTRACES ARCTIC 2015	CGC Healy		31	Illumina MiSeq 2x250 PE	0.22 um	ERS1568963	-1.35	Arctic sea ice metagenome, 1.1 m
180		SAMEA98169418	KD129_S11_39		2015-09-07	20	Arctic seawater metagenome, 20 m	ERC000011	marine biome	marine water body	seawater		2018-03-22		2015-09-07	6467	17:34:27	Arctic Ocean		UNIVERSITY OF ALASKA FAIRBANKS	public		2017-02-22	72.7978	-159.6242	Arctic Ocean	17.18	200.7	NPL022	32.6097	Niskin bottle	12267	GEOTRACES ARCTIC 2015	CGC Healy		61	Illumina MiSeq 2x250 PE	0.22 um	ERS1569007	-1.6592	Arctic seawater metagenome, 20 m
181		SAMEA98170168	KD130_S9_36		2015-10-05	1	Arctic seawater metagenome, 1 m	ERC000011	marine biome	marine water body	seawater		2018-03-22		2015-10-05	6469	15:51:51	Arctic Ocean		UNIVERSITY OF ALASKA FAIRBANKS	public		2017-02-22	72.7999	-159.6157	Arctic Ocean			NPL022		Niskin bottle		GEOTRACES ARCTIC 2015	CGC Healy		61	Illumina MiSeq 2x250 PE	0.22 um	ERS1569008		Arctic seawater metagenome, 1 m
182		SAMEA98170918	KD130_S12_36		2015-10-05	1	Arctic seawater metagenome, 1 m	ERC000011	marine biome	marine water body	seawater		2018-03-22		2015-10-05	6469	15:48:54	Arctic Ocean		UNIVERSITY OF ALASKA FAIRBANKS	public		2017-02-22	72.7999	-159.6157	Arctic Ocean			NPL022		Niskin bottle		GEOTRACES ARCTIC 2015	CGC Healy		61	Illumina MiSeq 2x250 PE	0.22 um	ERS1569009		Arctic seawater metagenome, 1 m
183		SAMEA98165668	KD124_S8_35	42281		240	Arctic seawater metagenome, 240 m	ERC000011	marine biome	marine water body	seawater		2017-02-23	42281		6458	07:44:11	Arctic Ocean		UNIVERSITY OF ALASKA FAIRBANKS	public	42788		72.9989	-158.8455	Arctic Ocean	13.05	231	NPL022	34.616	Niskin bottle	12214	GEOTRACES ARCTIC 2015	CGC Healy		60	Illumina MiSeq 2x250 PE	0.22 um	ERS1569002	0.1656	Arctic seawater metagenome, 240 m
184		SAMEA98164918	KD123_S7_34	42281		415	Arctic seawater metagenome, 415 m	ERC000011	marine biome	marine water body	seawater		2017-02-23	42281		6458	07:44:11	Arctic Ocean		UNIVERSITY OF ALASKA FAIRBANKS	public	42788		72.9989	-158.8455	Arctic Ocean	12.77	242.1	NPL022	34.8415	Niskin bottle	12210	GEOTRACES ARCTIC 2015	CGC Healy		60	Illumina MiSeq 2x250 PE	0.22 um	ERS1569001	0.5718	Arctic seawater metagenome, 415 m
185		SAMEA98161168	KD119_S4_33	42281		860	Arctic seawater metagenome, 860 m	ERC000011	marine biome	marine water body	seawater		2017-02-23	42281		6458	07:44:11	Arctic Ocean		UNIVERSITY OF ALASKA FAIRBANKS	public	42788		72.9989	-158.8455	Arctic Ocean	12.71	246.5	NPL022	34.8545	Niskin bottle	12206	GEOTRACES ARCTIC 2015	CGC Healy		60	Illumina MiSeq 2x250 PE	0.22 um	ERS1568996	0.3785	Arctic seawater metagenome, 860 m
186		SAMEA98160418	KD118_S8_32		2015-10-04	137	Arctic seawater metagenome, 137 m	ERC000011	marine biome	marine water body	seawater		2018-03-22		2015-10-04	6458	17:54:50	Arctic Ocean		UNIVERSITY OF ALASKA FAIRBANKS	public		2017-02-22	72.9989	-158.8455	Arctic Ocean	14.85	219.2	NPL022	33.0812	Niskin bottle	12216	GEOTRACES ARCTIC 2015	CGC Healy		60	Illumina MiSeq 2x250 PE	0.22 um	ERS1568995	-1.3531	Arctic seawater metagenome, 137 m
187		SAMEA98159668	KD118_S3_32		2015-10-04	137	Arctic seawater metagenome, 137 m	ERC000011	marine biome	marine water body	seawater		2018-03-20		2015-10-04	6458	16:13:58	Arctic Ocean		UNIVERSITY OF ALASKA FAIRBANKS	public		2017-02-22	72.9989	-158.8455	Arctic Ocean	14.85	219.2	NPL022	33.0812	Niskin bottle	12216	GEOTRACES ARCTIC 2015	CGC Healy		60	Illumina MiSeq 2x250 PE	0.22 um	ERS1568994	-1.3531	Arctic seawater metagenome, 137 m
188		SAMEA98153668	KD150_S12_31		2015-10-07	1.1	Arctic sea ice metagenome, 1.1 m	ERC000011	marine biome	marine water body	sea ice		2018-03-22		2015-10-07	6483	16:54:18	Arctic Ocean		UNIVERSITY OF ALASKA FAIRBANKS	public		2017-02-22	71.9966	-162.496	Arctic Ocean			NPL022		Niskin bottle		GEOTRACES ARCTIC 2015	CGC Healy		33	Illumina MiSeq 2x250 PE	0.22 um	ERS1568986		Arctic sea ice metagenome, 1.1 m
189		SAMEA98152168	KD092_S7_23	42267		0.1	Arctic sea ice metagenome, 0.1 m	ERC000011	marine biome	marine water body	sea ice		2017-02-23	42267		6348	07:44:10	Arctic Ocean		UNIVERSITY OF ALASKA FAIRBANKS	public	42788		82.50385	-149.7905	Arctic Ocean			NPL022	27.13961801	ice auger		GEOTRACES ARCTIC 2015	CGC Healy		46	Illumina MiSeq 2x250 PE	0.22 um	ERS1568984	-1.3775	Arctic sea ice metagenome, 0.1 m
190	42267	SAMEA98151418	KD087_S6_18			0.9	Arctic sea ice metagenome, 0.9 m	ERC000011	marine biome	marine water body	sea ice		2018-03-20		2015-09-20	6348	16:14:42	Arctic Ocean		UNIVERSITY OF ALASKA FAIRBANKS	public		2017-02-22	82.50385	-149.7905	Arctic Ocean			NPL022	23.83886978	ice auger		GEOTRACES ARCTIC 2015	CGC Healy		46	Illumina MiSeq 2x250 PE	0.22 um	ERS1568983	-1.29	Arctic sea ice metagenome, 0.9 m
191		SAMEA98156668	KD036_S5_17		2015-09-14	1	Arctic seawater metagenome, 1 m	ERC000011	marine biome	marine water body	seawater		2018-03-22		2015-09-14	6283	18:01:12	Arctic Ocean		UNIVERSITY OF ALASKA FAIRBANKS	public		2017-02-22	85.723	-150.6090833	Arctic Ocean			NPL022		Niskin bottle		GEOTRACES ARCTIC 2015	CGC Healy		42	Illumina MiSeq 2x250 PE	0.22 um	ERS1568990		Arctic seawater metagenome, 1 m
192		SAMEA4005048	KD130				Station 61	ERC000011					2016-06-01				21:30:13			UNIVERSITY OF ALASKA FAIRBANKS	public																		ERS1176158		seawater 1m
193		SAMEA4005047	KD129				Station 61	ERC000011					2016-06-01				21:30:13			UNIVERSITY OF ALASKA FAIRBANKS	public																		ERS1176157		seawater 20m
194		SAMEA4005046	KD128				Station 61	ERC000011					2016-06-01				21:30:13			UNIVERSITY OF ALASKA FAIRBANKS	public																		ERS1176156		seawater 12m
195		SAMEA4005045	KD127				Station 61	ERC000011					2016-06-01				21:30:13			UNIVERSITY OF ALASKA FAIRBANKS	public																		ERS1176155		seawater 29m
196		SAMEA4005044	KD124				Station 60	ERC000011					2016-06-01				21:30:13			UNIVERSITY OF ALASKA FAIRBANKS	public																		ERS1176154		seawater 240m
197		SAMEA4005043	KD123				Station 60	ERC000011					2016-06-01				21:30:13			UNIVERSITY OF ALASKA FAIRBANKS	public																		ERS1176153		seawater 415m
198		SAMEA4005042	KD121				Station 60	ERC000011					2016-06-01				21:30:13			UNIVERSITY OF ALASKA FAIRBANKS	public																		ERS1176152		seawater 25m
199		SAMEA4005041	KD120				Station 60	ERC000011					2016-06-01				21:30:13			UNIVERSITY OF ALASKA FAIRBANKS	public																		ERS1176151		seawater 57m
200		SAMEA4005040	KD119				Station 60	ERC000011					2016-06-01				21:30:13			UNIVERSITY OF ALASKA FAIRBANKS	public																		ERS1176150		seawater 860m
201		SAMEA4005039	KD118				Station 60	ERC000011					2016-06-01				21:30:13			UNIVERSITY OF ALASKA FAIRBANKS	public																		ERS1176149		seawater 137m
202		SAMEA4005038	KD115				Station 60	ERC000011					2016-06-01				21:30:13			UNIVERSITY OF ALASKA FAIRBANKS	public																		ERS1176148		seawater 1m
203		SAMEA4005037	KD014				Station 33	ERC000011					2016-06-01				21:30:12			UNIVERSITY OF ALASKA FAIRBANKS	public																		ERS1176147		seawater 5m
